-- phpMyAdmin SQL Dump
-- version 5.2.1
-- https://www.phpmyadmin.net/
--
-- Hôte : 127.0.0.1
-- Généré le : mar. 29 avr. 2025 à 02:18
-- Version du serveur : 10.4.32-MariaDB
-- Version de PHP : 8.1.25

SET SQL_MODE = "NO_AUTO_VALUE_ON_ZERO";
START TRANSACTION;
SET time_zone = "+00:00";


/*!40101 SET @OLD_CHARACTER_SET_CLIENT=@@CHARACTER_SET_CLIENT */;
/*!40101 SET @OLD_CHARACTER_SET_RESULTS=@@CHARACTER_SET_RESULTS */;
/*!40101 SET @OLD_COLLATION_CONNECTION=@@COLLATION_CONNECTION */;
/*!40101 SET NAMES utf8mb4 */;

--
-- Base de données : `powerhr`
--

-- --------------------------------------------------------

--
-- Structure de la table `article`
--

CREATE TABLE `article` (
  `id` int(11) NOT NULL,
  `description` varchar(255) DEFAULT NULL,
  `quantity` int(11) DEFAULT NULL,
  `prixUni` float DEFAULT NULL,
  `TVA` float DEFAULT NULL,
  `facture_id` int(11) DEFAULT NULL
) ENGINE=InnoDB DEFAULT CHARSET=utf8mb4 COLLATE=utf8mb4_general_ci;

--
-- Déchargement des données de la table `article`
--

INSERT INTO `article` (`id`, `description`, `quantity`, `prixUni`, `TVA`, `facture_id`) VALUES
(1, 'dfgh', 652, 9, 19, 9),
(29, 'aymoun', 10, 5, 19, 2),
(37, 'Aymen', 200, 0.25, 19, 3),
(39, 'tyhfjg', 100, 5000, 19, 3);

-- --------------------------------------------------------

--
-- Structure de la table `candidat`
--

CREATE TABLE `candidat` (
  `id` int(11) NOT NULL,
  `nom` varchar(255) NOT NULL,
  `prenom` varchar(255) NOT NULL,
  `email` varchar(255) NOT NULL,
  `telephone` varchar(255) NOT NULL,
  `cvPdfUrl` varchar(255) NOT NULL,
  `entreprise_id` int(11) DEFAULT NULL
) ENGINE=InnoDB DEFAULT CHARSET=utf8mb4 COLLATE=utf8mb4_general_ci;

--
-- Déchargement des données de la table `candidat`
--

INSERT INTO `candidat` (`id`, `nom`, `prenom`, `email`, `telephone`, `cvPdfUrl`, `entreprise_id`) VALUES
(1, 'fsqdgsdgfsf', 'fsqdgsdgfsf', 'fsqdgsdgfsf', 'fsqdgsdgfsf', '', 1);

-- --------------------------------------------------------

--
-- Structure de la table `clfr`
--

CREATE TABLE `clfr` (
  `id` int(11) NOT NULL,
  `nom` varchar(255) NOT NULL,
  `matricule_fiscale` varchar(255) DEFAULT NULL,
  `adresse` varchar(255) DEFAULT NULL,
  `numTel` varchar(20) DEFAULT NULL,
  `type` enum('Client','Fournisseur') DEFAULT NULL,
  `employe_id` int(11) DEFAULT NULL,
  `photoPath` varchar(255) DEFAULT NULL
) ENGINE=InnoDB DEFAULT CHARSET=utf8mb4 COLLATE=utf8mb4_general_ci;

--
-- Déchargement des données de la table `clfr`
--

INSERT INTO `clfr` (`id`, `nom`, `matricule_fiscale`, `adresse`, `numTel`, `type`, `employe_id`, `photoPath`) VALUES
(1, 'xfgdfghg', 'fgsdfghif', 'dfgsdfgyduh', '1854185118++', '', 1, NULL),
(13, 'haifa', 'jh55b', 'tunis', '123456', 'Fournisseur', 1, NULL),
(18, 'maha', '123hhhh', 'hamem lif', '111111111', 'Client', 1, NULL),
(24, 'maram', '123', 'ruetunis', '53703047', 'Client', 1, NULL),
(25, 'nhfvghfg', 'hvfjhfvg', 'fghfhgfhg', '25446546', 'Fournisseur', 1, NULL),
(26, 'azizzz', '12345', 'syrie', '123456', 'Client', 1, NULL),
(27, 'haifa', '125', 'tunis', '564123', 'Client', 1, NULL),
(29, 'sirine ', '1234', 'sousseeeeeee', '521477888', 'Fournisseur', 1, 'C:\\Users\\Asus\\Downloads\\téléchargement.png');

-- --------------------------------------------------------

--
-- Structure de la table `demande`
--

CREATE TABLE `demande` (
  `id` int(11) NOT NULL,
  `dateCreation` date NOT NULL,
  `type` enum('Augmentation Salaire','Conges') NOT NULL,
  `dateDebut` date DEFAULT NULL,
  `dateFin` date DEFAULT NULL,
  `salaire` float DEFAULT NULL,
  `cause` varchar(255) DEFAULT NULL,
  `status` enum('Valider','En Attente','Refuser') DEFAULT 'En Attente',
  `employe_id` int(11) DEFAULT NULL
) ENGINE=InnoDB DEFAULT CHARSET=utf8mb4 COLLATE=utf8mb4_general_ci;

-- --------------------------------------------------------

--
-- Structure de la table `departement`
--

CREATE TABLE `departement` (
  `id` int(11) NOT NULL,
  `nom` varchar(255) NOT NULL,
  `description` varchar(255) DEFAULT NULL,
  `entreprise_id` int(11) DEFAULT NULL
) ENGINE=InnoDB DEFAULT CHARSET=utf8mb4 COLLATE=utf8mb4_general_ci;

--
-- Déchargement des données de la table `departement`
--

INSERT INTO `departement` (`id`, `nom`, `description`, `entreprise_id`) VALUES
(1, 'BUISNESS2', 'TYPE OF SHITT', 2),
(2, 'hr', 'resources humaine', 2),
(3, 'finance', NULL, 2),
(4, 'BUISNESS', NULL, 2),
(5, 'marketing', 'fine shitt', 3),
(6, 'commerce', 'cool type of shit', 2),
(7, 'jdd', 'mmmm', 1),
(8, 'info', 'hhhhhhhhhhhhhhhh', 1),
(9, 'stromae', 'alors on dance', 2),
(10, 'mimo', 'delulu', 2);

-- --------------------------------------------------------

--
-- Structure de la table `employe`
--

CREATE TABLE `employe` (
  `id` int(11) NOT NULL,
  `username` varchar(255) NOT NULL,
  `password` varchar(255) NOT NULL,
  `poste` enum('Directeur','Charges','Ouvrier','Facturation','Admin') NOT NULL,
  `salaire` float DEFAULT NULL,
  `rib` varchar(50) DEFAULT NULL,
  `codeSociale` varchar(50) DEFAULT NULL,
  `departement_id` int(11) DEFAULT NULL
) ENGINE=InnoDB DEFAULT CHARSET=utf8mb4 COLLATE=utf8mb4_general_ci;

--
-- Déchargement des données de la table `employe`
--

INSERT INTO `employe` (`id`, `username`, `password`, `poste`, `salaire`, `rib`, `codeSociale`, `departement_id`) VALUES
(1, 'Aziz', '$argon2i$v=19$m=65536,t=3,p=1$EI/jyCq/M/bBkmecFftyEQ$4/0aQu+yMiNKFc8da4PEJu3nL6jFCrWBU92H4lxBmo0', 'Directeur', 5000, 'sfhksdfhsdjfhsdfh', 'gdgdfgdfgdfg', 1),
(2, 'Aymen', '$argon2i$v=19$m=65536,t=3,p=1$E+LbtkdeU6LgUz+YVMhlgw$HUFxCCqZfMgm3Ps5iWKPeeIAkQ14nzqMCTXQoPX8Pcc', 'Charges', 2000, 'fdfghdfgdfg', 'dgdfgdfgd', 1),
(3, 'Yassin', '$argon2i$v=19$m=65536,t=3,p=1$zUgysxRsJt+lCPsEm9Oxzg$jeEs9+fwngDyuIKAJ3tpo+iljqjfg2RXh6oHA4xBi7Q', 'Ouvrier', 500, 'gdfgdfgdfg', 'gfdgfgrgtgfg', 1),
(4, 'Mohamed', '$argon2i$v=19$m=65536,t=3,p=1$Tie8UJes1NBPlMTy5FZIsA$mdErfhG2F7USwtwUFLS3DWuMSSLil557B8X7Oh79RYI', 'Facturation', 2500, 'dsgdfgdrg', 'drgfgrdgdfg', 1),
(5, 'Haifa', '$argon2i$v=19$m=65536,t=3,p=1$HwpgDEBdYpyw7kQe5JUUSg$qQZK7UYN5jk2BwsrWW32UGZbonHfMWr9xwAoF3fabYA', 'Charges', 1200, 'vhtfhfghfthfh', 'fghfvbvhtfh', 1),
(6, 'Maha', '$argon2i$v=19$m=65536,t=3,p=1$I11dJt5J4g+eD5dNxwLbtg$xRTiTWLH00LeTYZ0PYPDmqmun8ikW0sF2QD7FxfR06Q', 'Ouvrier', 200, 'hxfhtfhfbch', 'xfhfhthfh', 1),
(99, 'Admin', '$argon2i$v=19$m=65536,t=3,p=1$Xp8svcc8FMOxZTjSwSELcA$n4165PC5Nfvhhrgo4ifVQjniwrY7eXMTgZFchqZOA0g', 'Admin', NULL, NULL, NULL, NULL);

-- --------------------------------------------------------

--
-- Structure de la table `entreprise`
--

CREATE TABLE `entreprise` (
  `id` int(11) NOT NULL,
  `nom` varchar(255) NOT NULL,
  `secteur` varchar(255) DEFAULT NULL,
  `matricule_fiscale` varchar(255) DEFAULT NULL,
  `phone_number` varchar(20) DEFAULT NULL,
  `phone_verified` tinyint(1) DEFAULT 0
) ENGINE=InnoDB DEFAULT CHARSET=utf8mb4 COLLATE=utf8mb4_general_ci;

--
-- Déchargement des données de la table `entreprise`
--

INSERT INTO `entreprise` (`id`, `nom`, `secteur`, `matricule_fiscale`, `phone_number`, `phone_verified`) VALUES
(1, 'jhvjhvbjb', 'jhvjhvbjb', '1234567/A/B/C/000', '95965475', 0),
(2, 'maha', 'info', '7454541/A/B/F/777', '52524521', 1),
(3, 'oin', 'malta', '777777', '93254821', 0),
(5, 'esprit', 'marketing', '4547816/A/B/C/788', '25644040', 0),
(6, 'MIMO', 'SLAYING', '1234567/A/B/C/141', '52492128', 0);

-- --------------------------------------------------------

--
-- Structure de la table `facture`
--

CREATE TABLE `facture` (
  `id` int(11) NOT NULL,
  `date` date NOT NULL,
  `typeFact` varchar(50) DEFAULT NULL,
  `num` varchar(50) NOT NULL,
  `total` float DEFAULT NULL,
  `clfr_id` int(11) DEFAULT NULL,
  `paiement_id` int(11) DEFAULT NULL
) ENGINE=InnoDB DEFAULT CHARSET=utf8mb4 COLLATE=utf8mb4_general_ci;

--
-- Déchargement des données de la table `facture`
--

INSERT INTO `facture` (`id`, `date`, `typeFact`, `num`, `total`, `clfr_id`, `paiement_id`) VALUES
(2, '2025-02-25', 'Facture', '507', 1000, 1, 1),
(3, '2025-02-26', 'Avoir', 'hg', 500, 1, 1),
(4, '2025-01-30', 'Facture', '177', 1500, 1, 1),
(5, '2025-02-08', 'Facture', '100', 500, 1, 1),
(9, '2025-02-21', 'Facture', '5', 555, 1, 1),
(10, '2025-02-12', 'Avoir', '52', 52, 1, 1),
(11, '2025-02-27', 'Facture', '2', 1500, 1, 1),
(15, '2025-02-04', 'Facture', '1', 1500, 1, 1),
(16, '2025-02-04', 'Facture', '420', 500, 1, 1),
(17, '2025-02-12', 'Facture', '50', 0, 1, 1),
(18, '2025-02-05', 'Facture', '54', 0, 1, 1),
(19, '2025-02-05', 'Facture', '556', 0, 1, 1),
(21, '2025-02-11', 'Facture', '85', 0, 1, 1),
(26, '2025-01-30', 'Avoir', '20', 500, 1, 1),
(28, '2025-02-20', 'Facture', '888', 500, 1, 1),
(29, '2025-02-20', 'Facture', '852', 0, 1, 1),
(30, '2025-02-13', 'Facture', '526', 107.1, 1, 1),
(31, '2025-02-14', 'Facture', '532', 53.55, 1, 1),
(32, '2025-03-20', 'Facture', '552', 83.3, 1, 1),
(33, '2025-03-20', 'Avoir', '4512', 77.35, 1, 1);

-- --------------------------------------------------------

--
-- Structure de la table `feedback`
--

CREATE TABLE `feedback` (
  `id` int(11) NOT NULL,
  `dateCreation` timestamp NOT NULL DEFAULT current_timestamp() ON UPDATE current_timestamp(),
  `type` varchar(255) NOT NULL,
  `description` varchar(255) DEFAULT NULL,
  `clfr_id` int(11) DEFAULT NULL
) ENGINE=InnoDB DEFAULT CHARSET=utf8mb4 COLLATE=utf8mb4_general_ci;

--
-- Déchargement des données de la table `feedback`
--

INSERT INTO `feedback` (`id`, `dateCreation`, `type`, `description`, `clfr_id`) VALUES
(1, '2025-02-18 23:00:00', 'vgjfghjdfjjfg', 'dfglmjsdngdng', 1),
(5, '2025-02-17 23:00:00', 'Positif', 'hifa', 1),
(6, '2025-02-10 23:00:00', 'Négatif', 'ooooooooooooooooo', 1),
(7, '2025-02-19 23:00:00', 'Négatif', 'tres en retard ', 1),
(8, '2025-02-18 23:00:00', 'Constructif', 'excellent !!!!!!!!!!!!!!!!!!!', 1),
(9, '2025-02-09 23:00:00', 'Négatif', ',hghjgjvhvkhfgjdfghjdfgd', 1),
(10, '2025-02-02 23:00:00', 'Négatif', 'aaaaaaaaaaaaaaaaaaaa', 1),
(12, '2025-02-03 23:00:00', 'Constructif', 'aaaaaaaaaaaaaaaaaaaaaaa', 1),
(16, '2025-02-27 23:00:00', 'Positif', 'sdfghjklmlmùkl', 1),
(18, '2025-02-28 23:00:00', 'Positif', 'bon travail ❤', 1),
(19, '2025-03-03 23:00:00', 'Indéterminé', 'GOOD JOB I LIKE IT ❤', 1),
(20, '2025-03-03 23:00:00', 'Indéterminé', 'bon travail a tous', 1),
(21, '2025-03-03 23:00:00', 'Indéterminé', 'jaime trop le travail 😀', 1),
(22, '2025-03-04 01:06:59', 'Indéterminé', 'This is so bad !!', 1);

-- --------------------------------------------------------

--
-- Structure de la table `fiche_employe`
--

CREATE TABLE `fiche_employe` (
  `id` int(11) NOT NULL,
  `cin` varchar(20) NOT NULL,
  `nom` varchar(255) NOT NULL,
  `prenom` varchar(255) NOT NULL,
  `email` varchar(255) NOT NULL,
  `adresse` varchar(255) DEFAULT NULL,
  `city` varchar(255) DEFAULT NULL,
  `zip` varchar(20) DEFAULT NULL,
  `numTel` varchar(20) DEFAULT NULL,
  `cvPdfUrl` varchar(255) DEFAULT NULL,
  `employe_id` int(11) DEFAULT NULL
) ENGINE=InnoDB DEFAULT CHARSET=utf8mb4 COLLATE=utf8mb4_general_ci;

--
-- Déchargement des données de la table `fiche_employe`
--

INSERT INTO `fiche_employe` (`id`, `cin`, `nom`, `prenom`, `email`, `adresse`, `city`, `zip`, `numTel`, `cvPdfUrl`, `employe_id`) VALUES
(2, 'fsqdgsdgfsf', 'fsqdgsdgfsf', 'fsqdgsdgfsf', 'hamlaouimedaziz@gmail.com', 'fsqdgsdgfsf', 'fsqdgsdgfsf', 'fsqdgsdgfsf', 'fsqdgsdgfsf', 'fsqdgsdgfsf', 1),
(3, 'shjbkdgjhdbg', 'khjbfdkjhfbdf', 'jbnbfjhkdbsf', 'aymenlahmar14@gmail.com', 'jhfbdkjhgbdh', 'hjkbjbghjdbgdjhf', 'hjkfber', 'jhdbvdjbv', 'sdfjkhbskjfhf', 2),
(4, 'dgbdbghdbg', 'dgbdbghdbg', 'dgbdbghdbg', 'aouniihaifa17@gmail.com', 'dgbdbghdbg', 'dgbdbghdbg', 'dgbdbghdbg', 'dgbdbghdbg', 'dgbdbghdbg', 5),
(5, 'dfhgdvfb', 'dfhgdvfb', 'dfhgdvfb', 'bouzidmohamed913@gmail.com', 'dfhgdvfb', 'dfhgdvfb', 'dfhgdvfb', 'dfhgdvfb', 'dfhgdvfb', 4),
(6, 'dfgdfgd', 'dfgdfgd', 'dfgdfgd', 'yassine.nawara007@gmail.com', 'dfgdfgd', 'dfgdfgd', 'dfgdfgd', 'dfgdfgd', 'dfgdfgd', 3),
(7, 'dfgdfdgfvh', 'dfgdfdgfvh', 'dfgdfdgfvh', 'neji.maha@esprit.tn', 'dfgdfdgfvh', 'dfgdfdgfvh', 'dfgdfdgfvh', 'dfgdfdgfvh', 'dfgdfdgfvh', 6);

-- --------------------------------------------------------

--
-- Structure de la table `paie`
--

CREATE TABLE `paie` (
  `id` int(11) NOT NULL,
  `nbJour` int(100) DEFAULT NULL,
  `montant` float DEFAULT NULL,
  `mois` varchar(255) DEFAULT NULL,
  `annee` varchar(255) DEFAULT NULL
) ENGINE=InnoDB DEFAULT CHARSET=utf8mb4 COLLATE=utf8mb4_general_ci;

--
-- Déchargement des données de la table `paie`
--

INSERT INTO `paie` (`id`, `nbJour`, `montant`, `mois`, `annee`) VALUES
(24, 21, 3500, 'Feb', '2024'),
(25, 21, 1400, 'Feb', '2024'),
(26, 21, 350, 'Feb', '2024'),
(27, 21, 1750, 'Feb', '2024'),
(28, 21, 840, 'Feb', '2024'),
(29, 21, 140, 'Feb', '2024'),
(30, 21, 3500, 'Mar', '2024'),
(31, 21, 1400, 'Mar', '2024'),
(32, 21, 350, 'Mar', '2024'),
(33, 21, 1750, 'Mar', '2024'),
(34, 21, 840, 'Mar', '2024'),
(35, 21, 140, 'Mar', '2024'),
(36, 22, 3666.67, 'Apr', '2024'),
(37, 22, 1466.67, 'Apr', '2024'),
(38, 22, 366.667, 'Apr', '2024'),
(39, 22, 1833.33, 'Apr', '2024'),
(40, 22, 880, 'Apr', '2024'),
(41, 22, 146.667, 'Apr', '2024'),
(42, 23, 3833.33, 'May', '2024'),
(43, 23, 1533.33, 'May', '2024'),
(44, 23, 383.333, 'May', '2024'),
(45, 23, 1916.67, 'May', '2024'),
(46, 23, 920, 'May', '2024'),
(47, 23, 153.333, 'May', '2024'),
(48, 20, 3333.33, 'Jun', '2024'),
(49, 20, 1333.33, 'Jun', '2024'),
(50, 20, 333.333, 'Jun', '2024'),
(51, 20, 1666.67, 'Jun', '2024'),
(52, 20, 800, 'Jun', '2024'),
(53, 20, 133.333, 'Jun', '2024'),
(54, 23, 3833.33, 'Jul', '2024'),
(55, 23, 1533.33, 'Jul', '2024'),
(56, 23, 383.333, 'Jul', '2024'),
(57, 23, 1916.67, 'Jul', '2024'),
(58, 23, 920, 'Jul', '2024'),
(59, 23, 153.333, 'Jul', '2024'),
(60, 22, 3666.67, 'Aug', '2024'),
(61, 22, 1466.67, 'Aug', '2024'),
(62, 22, 366.667, 'Aug', '2024'),
(63, 22, 1833.33, 'Aug', '2024'),
(64, 22, 880, 'Aug', '2024'),
(65, 22, 146.667, 'Aug', '2024'),
(66, 21, 3500, 'Sep', '2024'),
(67, 21, 1400, 'Sep', '2024'),
(68, 21, 350, 'Sep', '2024'),
(69, 21, 1750, 'Sep', '2024'),
(70, 21, 840, 'Sep', '2024'),
(71, 21, 140, 'Sep', '2024'),
(72, 23, 3833.33, 'Oct', '2024'),
(73, 23, 1533.33, 'Oct', '2024'),
(74, 23, 383.333, 'Oct', '2024'),
(75, 23, 1916.67, 'Oct', '2024'),
(76, 23, 920, 'Oct', '2024'),
(77, 23, 153.333, 'Oct', '2024'),
(78, 21, 3500, 'Nov', '2024'),
(79, 21, 1400, 'Nov', '2024'),
(80, 21, 350, 'Nov', '2024'),
(81, 21, 1750, 'Nov', '2024'),
(82, 21, 840, 'Nov', '2024'),
(83, 21, 140, 'Nov', '2024'),
(84, 22, 3666.67, 'Dec', '2024'),
(85, 22, 1466.67, 'Dec', '2024'),
(86, 22, 366.667, 'Dec', '2024'),
(87, 22, 1833.33, 'Dec', '2024'),
(88, 22, 880, 'Dec', '2024'),
(89, 22, 146.667, 'Dec', '2024'),
(91, 23, 3833.33, 'Jan', '2024'),
(92, 23, 1533.33, 'Jan', '2024'),
(93, 23, 383.333, 'Jan', '2024'),
(94, 23, 1916.67, 'Jan', '2024'),
(95, 23, 920, 'Jan', '2024'),
(96, 23, 153.333, 'Jan', '2024');

-- --------------------------------------------------------

--
-- Structure de la table `paiement`
--

CREATE TABLE `paiement` (
  `id` int(11) NOT NULL,
  `date` date NOT NULL,
  `mode` varchar(50) DEFAULT NULL,
  `reference` varchar(255) NOT NULL,
  `montant` float DEFAULT NULL
) ENGINE=InnoDB DEFAULT CHARSET=utf8mb4 COLLATE=utf8mb4_general_ci;

--
-- Déchargement des données de la table `paiement`
--

INSERT INTO `paiement` (`id`, `date`, `mode`, `reference`, `montant`) VALUES
(1, '2025-02-20', 'fsqdgsdgfsf', 'fsqdgsdgfsf', 55),
(3, '2025-02-05', 'cheque', 'kkk', 2000),
(4, '2025-02-20', 'traite', 'hjk', 1000),
(5, '2025-02-13', 'virement', 'hj', 500),
(7, '2025-02-20', 'espece', '196', 500),
(8, '2025-02-13', 'chèque', '200', 2000),
(9, '2025-03-01', 'cheque', '536', 700),
(11, '2025-03-26', 'espèce', '520', 0),
(12, '2025-03-27', 'virement', '5420', 0),
(13, '2025-03-25', 'espèce', '5632', 0),
(14, '2025-03-26', 'virement', '8996532', 1500),
(15, '2025-02-26', 'virement', '741', 500),
(16, '2025-03-13', 'espèce', '45210', 1500);

-- --------------------------------------------------------

--
-- Structure de la table `pointage`
--

CREATE TABLE `pointage` (
  `id` int(11) NOT NULL,
  `date` date NOT NULL,
  `heureEntree` time NOT NULL,
  `heureSortie` time NOT NULL,
  `employe_id` int(11) NOT NULL,
  `paie_id` int(11) NOT NULL
) ENGINE=InnoDB DEFAULT CHARSET=utf8mb4 COLLATE=utf8mb4_general_ci;

--
-- Déchargement des données de la table `pointage`
--

INSERT INTO `pointage` (`id`, `date`, `heureEntree`, `heureSortie`, `employe_id`, `paie_id`) VALUES
(393, '2024-02-01', '08:00:00', '17:00:00', 1, 24),
(394, '2024-02-01', '08:20:00', '17:00:00', 2, 25),
(395, '2024-02-01', '08:00:00', '17:00:00', 3, 26),
(396, '2024-02-01', '08:00:00', '17:00:00', 4, 27),
(397, '2024-02-01', '08:00:00', '17:00:00', 5, 28),
(398, '2024-02-01', '08:00:00', '17:00:00', 6, 29),
(399, '2024-02-02', '08:00:00', '17:00:00', 1, 24),
(400, '2024-02-02', '08:00:00', '17:00:00', 2, 25),
(401, '2024-02-02', '08:24:00', '17:00:00', 3, 26),
(402, '2024-02-02', '08:00:00', '17:00:00', 4, 27),
(403, '2024-02-02', '08:06:00', '17:00:00', 5, 28),
(404, '2024-02-02', '08:12:00', '17:00:00', 6, 29),
(405, '2024-02-05', '08:00:00', '17:00:00', 1, 24),
(406, '2024-02-05', '08:00:00', '17:00:00', 2, 25),
(407, '2024-02-05', '08:29:00', '17:00:00', 3, 26),
(408, '2024-02-05', '08:00:00', '17:00:00', 4, 27),
(409, '2024-02-05', '08:00:00', '17:00:00', 5, 28),
(410, '2024-02-05', '08:19:00', '17:00:00', 6, 29),
(411, '2024-02-06', '08:00:00', '17:00:00', 1, 24),
(412, '2024-02-06', '08:00:00', '17:00:00', 2, 25),
(413, '2024-02-06', '08:00:00', '17:00:00', 3, 26),
(414, '2024-02-06', '08:00:00', '17:00:00', 4, 27),
(415, '2024-02-06', '08:01:00', '17:00:00', 5, 28),
(416, '2024-02-06', '08:00:00', '17:00:00', 6, 29),
(417, '2024-02-07', '08:12:00', '17:00:00', 1, 24),
(418, '2024-02-07', '08:00:00', '17:00:00', 2, 25),
(419, '2024-02-07', '08:09:00', '17:00:00', 3, 26),
(420, '2024-02-07', '08:00:00', '17:00:00', 4, 27),
(421, '2024-02-07', '08:05:00', '17:00:00', 5, 28),
(422, '2024-02-07', '08:00:00', '17:00:00', 6, 29),
(423, '2024-02-08', '08:00:00', '17:00:00', 1, 24),
(424, '2024-02-08', '08:24:00', '17:00:00', 2, 25),
(425, '2024-02-08', '08:00:00', '17:00:00', 3, 26),
(426, '2024-02-08', '08:21:00', '17:00:00', 4, 27),
(427, '2024-02-08', '08:00:00', '17:00:00', 5, 28),
(428, '2024-02-08', '08:22:00', '17:00:00', 6, 29),
(429, '2024-02-09', '08:00:00', '17:00:00', 1, 24),
(430, '2024-02-09', '08:11:00', '17:00:00', 2, 25),
(431, '2024-02-09', '08:00:00', '17:00:00', 3, 26),
(432, '2024-02-09', '08:02:00', '17:00:00', 4, 27),
(433, '2024-02-09', '08:00:00', '17:00:00', 5, 28),
(434, '2024-02-09', '08:19:00', '17:00:00', 6, 29),
(435, '2024-02-12', '08:28:00', '17:00:00', 1, 24),
(436, '2024-02-12', '08:00:00', '17:00:00', 2, 25),
(437, '2024-02-12', '08:00:00', '17:00:00', 3, 26),
(438, '2024-02-12', '08:15:00', '17:00:00', 4, 27),
(439, '2024-02-12', '08:00:00', '17:00:00', 5, 28),
(440, '2024-02-12', '08:10:00', '17:00:00', 6, 29),
(441, '2024-02-13', '08:00:00', '17:00:00', 1, 24),
(442, '2024-02-13', '08:00:00', '17:00:00', 2, 25),
(443, '2024-02-13', '08:00:00', '17:00:00', 3, 26),
(444, '2024-02-13', '08:00:00', '17:00:00', 4, 27),
(445, '2024-02-13', '08:22:00', '17:00:00', 5, 28),
(446, '2024-02-13', '08:00:00', '17:00:00', 6, 29),
(447, '2024-02-14', '08:08:00', '17:00:00', 1, 24),
(448, '2024-02-14', '08:13:00', '17:00:00', 2, 25),
(449, '2024-02-14', '08:18:00', '17:00:00', 3, 26),
(450, '2024-02-14', '08:09:00', '17:00:00', 4, 27),
(451, '2024-02-14', '08:00:00', '17:00:00', 5, 28),
(452, '2024-02-14', '08:00:00', '17:00:00', 6, 29),
(453, '2024-02-15', '08:00:00', '17:00:00', 1, 24),
(454, '2024-02-15', '08:14:00', '17:00:00', 2, 25),
(455, '2024-02-15', '08:00:00', '17:00:00', 3, 26),
(456, '2024-02-15', '08:00:00', '17:00:00', 4, 27),
(457, '2024-02-15', '08:01:00', '17:00:00', 5, 28),
(458, '2024-02-15', '08:00:00', '17:00:00', 6, 29),
(459, '2024-02-16', '08:24:00', '17:00:00', 1, 24),
(460, '2024-02-16', '08:17:00', '17:00:00', 2, 25),
(461, '2024-02-16', '08:20:00', '17:00:00', 3, 26),
(462, '2024-02-16', '08:08:00', '17:00:00', 4, 27),
(463, '2024-02-16', '08:25:00', '17:00:00', 5, 28),
(464, '2024-02-16', '08:00:00', '17:00:00', 6, 29),
(465, '2024-02-19', '08:00:00', '17:00:00', 1, 24),
(466, '2024-02-19', '08:00:00', '17:00:00', 2, 25),
(467, '2024-02-19', '08:00:00', '17:00:00', 3, 26),
(468, '2024-02-19', '08:17:00', '17:00:00', 4, 27),
(469, '2024-02-19', '08:21:00', '17:00:00', 5, 28),
(470, '2024-02-19', '08:00:00', '17:00:00', 6, 29),
(471, '2024-02-20', '08:00:00', '17:00:00', 1, 24),
(472, '2024-02-20', '08:25:00', '17:00:00', 2, 25),
(473, '2024-02-20', '08:00:00', '17:00:00', 3, 26),
(474, '2024-02-20', '08:21:00', '17:00:00', 4, 27),
(475, '2024-02-20', '08:13:00', '17:00:00', 5, 28),
(476, '2024-02-20', '08:13:00', '17:00:00', 6, 29),
(477, '2024-02-21', '08:23:00', '17:00:00', 1, 24),
(478, '2024-02-21', '08:00:00', '17:00:00', 2, 25),
(479, '2024-02-21', '08:00:00', '17:00:00', 3, 26),
(480, '2024-02-21', '08:00:00', '17:00:00', 4, 27),
(481, '2024-02-21', '08:00:00', '17:00:00', 5, 28),
(482, '2024-02-21', '08:08:00', '17:00:00', 6, 29),
(483, '2024-02-22', '08:00:00', '17:00:00', 1, 24),
(484, '2024-02-22', '08:00:00', '17:00:00', 2, 25),
(485, '2024-02-22', '08:16:00', '17:00:00', 3, 26),
(486, '2024-02-22', '08:11:00', '17:00:00', 4, 27),
(487, '2024-02-22', '08:00:00', '17:00:00', 5, 28),
(488, '2024-02-22', '08:20:00', '17:00:00', 6, 29),
(489, '2024-02-23', '08:00:00', '17:00:00', 1, 24),
(490, '2024-02-23', '08:00:00', '17:00:00', 2, 25),
(491, '2024-02-23', '08:00:00', '17:00:00', 3, 26),
(492, '2024-02-23', '08:00:00', '17:00:00', 4, 27),
(493, '2024-02-23', '08:21:00', '17:00:00', 5, 28),
(494, '2024-02-23', '08:00:00', '17:00:00', 6, 29),
(495, '2024-02-26', '08:04:00', '17:00:00', 1, 24),
(496, '2024-02-26', '08:00:00', '17:00:00', 2, 25),
(497, '2024-02-26', '08:00:00', '17:00:00', 3, 26),
(498, '2024-02-26', '08:29:00', '17:00:00', 4, 27),
(499, '2024-02-26', '08:00:00', '17:00:00', 5, 28),
(500, '2024-02-26', '08:24:00', '17:00:00', 6, 29),
(501, '2024-02-27', '08:00:00', '17:00:00', 1, 24),
(502, '2024-02-27', '08:00:00', '17:00:00', 2, 25),
(503, '2024-02-27', '08:00:00', '17:00:00', 3, 26),
(504, '2024-02-27', '08:00:00', '17:00:00', 4, 27),
(505, '2024-02-27', '08:16:00', '17:00:00', 5, 28),
(506, '2024-02-27', '08:00:00', '17:00:00', 6, 29),
(507, '2024-02-28', '08:00:00', '17:00:00', 1, 24),
(508, '2024-02-28', '08:05:00', '17:00:00', 2, 25),
(509, '2024-02-28', '08:00:00', '17:00:00', 3, 26),
(510, '2024-02-28', '08:00:00', '17:00:00', 4, 27),
(511, '2024-02-28', '08:00:00', '17:00:00', 5, 28),
(512, '2024-02-28', '08:00:00', '17:00:00', 6, 29),
(513, '2024-02-29', '08:00:00', '17:00:00', 1, 24),
(514, '2024-02-29', '08:23:00', '17:00:00', 2, 25),
(515, '2024-02-29', '08:04:00', '17:00:00', 3, 26),
(516, '2024-02-29', '08:13:00', '17:00:00', 4, 27),
(517, '2024-02-29', '08:00:00', '17:00:00', 5, 28),
(518, '2024-02-29', '08:04:00', '17:00:00', 6, 29),
(519, '2024-03-01', '08:00:00', '17:00:00', 1, 30),
(520, '2024-03-01', '08:09:00', '17:00:00', 2, 31),
(521, '2024-03-01', '08:14:00', '17:00:00', 3, 32),
(522, '2024-03-01', '08:00:00', '17:00:00', 4, 33),
(523, '2024-03-01', '08:00:00', '17:00:00', 5, 34),
(524, '2024-03-01', '08:26:00', '17:00:00', 6, 35),
(525, '2024-03-04', '08:05:00', '17:00:00', 1, 30),
(526, '2024-03-04', '08:00:00', '17:00:00', 2, 31),
(527, '2024-03-04', '08:00:00', '17:00:00', 3, 32),
(528, '2024-03-04', '08:00:00', '17:00:00', 4, 33),
(529, '2024-03-04', '08:00:00', '17:00:00', 5, 34),
(530, '2024-03-04', '08:20:00', '17:00:00', 6, 35),
(531, '2024-03-05', '08:00:00', '17:00:00', 1, 30),
(532, '2024-03-05', '08:00:00', '17:00:00', 2, 31),
(533, '2024-03-05', '08:00:00', '17:00:00', 3, 32),
(534, '2024-03-05', '08:00:00', '17:00:00', 4, 33),
(535, '2024-03-05', '08:00:00', '17:00:00', 5, 34),
(536, '2024-03-05', '08:01:00', '17:00:00', 6, 35),
(537, '2024-03-06', '08:24:00', '17:00:00', 1, 30),
(538, '2024-03-06', '08:00:00', '17:00:00', 2, 31),
(539, '2024-03-06', '08:00:00', '17:00:00', 3, 32),
(540, '2024-03-06', '08:19:00', '17:00:00', 4, 33),
(541, '2024-03-06', '08:26:00', '17:00:00', 5, 34),
(542, '2024-03-06', '08:00:00', '17:00:00', 6, 35),
(543, '2024-03-07', '08:00:00', '17:00:00', 1, 30),
(544, '2024-03-07', '08:00:00', '17:00:00', 2, 31),
(545, '2024-03-07', '08:00:00', '17:00:00', 3, 32),
(546, '2024-03-07', '08:00:00', '17:00:00', 4, 33),
(547, '2024-03-07', '08:01:00', '17:00:00', 5, 34),
(548, '2024-03-07', '08:11:00', '17:00:00', 6, 35),
(549, '2024-03-08', '08:22:00', '17:00:00', 1, 30),
(550, '2024-03-08', '08:11:00', '17:00:00', 2, 31),
(551, '2024-03-08', '08:00:00', '17:00:00', 3, 32),
(552, '2024-03-08', '08:00:00', '17:00:00', 4, 33),
(553, '2024-03-08', '08:00:00', '17:00:00', 5, 34),
(554, '2024-03-08', '08:00:00', '17:00:00', 6, 35),
(555, '2024-03-11', '08:00:00', '17:00:00', 1, 30),
(556, '2024-03-11', '08:00:00', '17:00:00', 2, 31),
(557, '2024-03-11', '08:00:00', '17:00:00', 3, 32),
(558, '2024-03-11', '08:00:00', '17:00:00', 4, 33),
(559, '2024-03-11', '08:00:00', '17:00:00', 5, 34),
(560, '2024-03-11', '08:00:00', '17:00:00', 6, 35),
(561, '2024-03-12', '08:24:00', '17:00:00', 1, 30),
(562, '2024-03-12', '08:00:00', '17:00:00', 2, 31),
(563, '2024-03-12', '08:15:00', '17:00:00', 3, 32),
(564, '2024-03-12', '08:14:00', '17:00:00', 4, 33),
(565, '2024-03-12', '08:00:00', '17:00:00', 5, 34),
(566, '2024-03-12', '08:12:00', '17:00:00', 6, 35),
(567, '2024-03-13', '08:00:00', '17:00:00', 1, 30),
(568, '2024-03-13', '08:04:00', '17:00:00', 2, 31),
(569, '2024-03-13', '08:23:00', '17:00:00', 3, 32),
(570, '2024-03-13', '08:00:00', '17:00:00', 4, 33),
(571, '2024-03-13', '08:00:00', '17:00:00', 5, 34),
(572, '2024-03-13', '08:00:00', '17:00:00', 6, 35),
(573, '2024-03-14', '08:00:00', '17:00:00', 1, 30),
(574, '2024-03-14', '08:06:00', '17:00:00', 2, 31),
(575, '2024-03-14', '08:00:00', '17:00:00', 3, 32),
(576, '2024-03-14', '08:00:00', '17:00:00', 4, 33),
(577, '2024-03-14', '08:25:00', '17:00:00', 5, 34),
(578, '2024-03-14', '08:17:00', '17:00:00', 6, 35),
(579, '2024-03-15', '08:24:00', '17:00:00', 1, 30),
(580, '2024-03-15', '08:15:00', '17:00:00', 2, 31),
(581, '2024-03-15', '08:00:00', '17:00:00', 3, 32),
(582, '2024-03-15', '08:23:00', '17:00:00', 4, 33),
(583, '2024-03-15', '08:00:00', '17:00:00', 5, 34),
(584, '2024-03-15', '08:00:00', '17:00:00', 6, 35),
(585, '2024-03-18', '08:00:00', '17:00:00', 1, 30),
(586, '2024-03-18', '08:00:00', '17:00:00', 2, 31),
(587, '2024-03-18', '08:00:00', '17:00:00', 3, 32),
(588, '2024-03-18', '08:00:00', '17:00:00', 4, 33),
(589, '2024-03-18', '08:00:00', '17:00:00', 5, 34),
(590, '2024-03-18', '08:00:00', '17:00:00', 6, 35),
(591, '2024-03-19', '08:09:00', '17:00:00', 1, 30),
(592, '2024-03-19', '08:14:00', '17:00:00', 2, 31),
(593, '2024-03-19', '08:00:00', '17:00:00', 3, 32),
(594, '2024-03-19', '08:06:00', '17:00:00', 4, 33),
(595, '2024-03-19', '08:00:00', '17:00:00', 5, 34),
(596, '2024-03-19', '08:08:00', '17:00:00', 6, 35),
(597, '2024-03-20', '08:00:00', '17:00:00', 1, 30),
(598, '2024-03-20', '08:00:00', '17:00:00', 2, 31),
(599, '2024-03-20', '08:30:00', '17:00:00', 3, 32),
(600, '2024-03-20', '08:00:00', '17:00:00', 4, 33),
(601, '2024-03-20', '08:29:00', '17:00:00', 5, 34),
(602, '2024-03-20', '08:00:00', '17:00:00', 6, 35),
(603, '2024-03-21', '08:15:00', '17:00:00', 1, 30),
(604, '2024-03-21', '08:00:00', '17:00:00', 2, 31),
(605, '2024-03-21', '08:30:00', '17:00:00', 3, 32),
(606, '2024-03-21', '08:06:00', '17:00:00', 4, 33),
(607, '2024-03-21', '08:00:00', '17:00:00', 5, 34),
(608, '2024-03-21', '08:00:00', '17:00:00', 6, 35),
(609, '2024-03-22', '08:00:00', '17:00:00', 1, 30),
(610, '2024-03-22', '08:12:00', '17:00:00', 2, 31),
(611, '2024-03-22', '08:00:00', '17:00:00', 3, 32),
(612, '2024-03-22', '08:00:00', '17:00:00', 4, 33),
(613, '2024-03-22', '08:00:00', '17:00:00', 5, 34),
(614, '2024-03-22', '08:25:00', '17:00:00', 6, 35),
(615, '2024-03-25', '08:00:00', '17:00:00', 1, 30),
(616, '2024-03-25', '08:00:00', '17:00:00', 2, 31),
(617, '2024-03-25', '08:09:00', '17:00:00', 3, 32),
(618, '2024-03-25', '08:00:00', '17:00:00', 4, 33),
(619, '2024-03-25', '08:00:00', '17:00:00', 5, 34),
(620, '2024-03-25', '08:12:00', '17:00:00', 6, 35),
(621, '2024-03-26', '08:00:00', '17:00:00', 1, 30),
(622, '2024-03-26', '08:00:00', '17:00:00', 2, 31),
(623, '2024-03-26', '08:00:00', '17:00:00', 3, 32),
(624, '2024-03-26', '08:00:00', '17:00:00', 4, 33),
(625, '2024-03-26', '08:07:00', '17:00:00', 5, 34),
(626, '2024-03-26', '08:28:00', '17:00:00', 6, 35),
(627, '2024-03-27', '08:00:00', '17:00:00', 1, 30),
(628, '2024-03-27', '08:00:00', '17:00:00', 2, 31),
(629, '2024-03-27', '08:00:00', '17:00:00', 3, 32),
(630, '2024-03-27', '08:00:00', '17:00:00', 4, 33),
(631, '2024-03-27', '08:05:00', '17:00:00', 5, 34),
(632, '2024-03-27', '08:00:00', '17:00:00', 6, 35),
(633, '2024-03-28', '08:13:00', '17:00:00', 1, 30),
(634, '2024-03-28', '08:00:00', '17:00:00', 2, 31),
(635, '2024-03-28', '08:00:00', '17:00:00', 3, 32),
(636, '2024-03-28', '08:00:00', '17:00:00', 4, 33),
(637, '2024-03-28', '08:00:00', '17:00:00', 5, 34),
(638, '2024-03-28', '08:07:00', '17:00:00', 6, 35),
(639, '2024-03-29', '08:00:00', '17:00:00', 1, 30),
(640, '2024-03-29', '08:21:00', '17:00:00', 2, 31),
(641, '2024-03-29', '08:13:00', '17:00:00', 3, 32),
(642, '2024-03-29', '08:04:00', '17:00:00', 4, 33),
(643, '2024-03-29', '08:26:00', '17:00:00', 5, 34),
(644, '2024-03-29', '08:00:00', '17:00:00', 6, 35),
(645, '2024-04-01', '08:00:00', '17:00:00', 1, 36),
(646, '2024-04-01', '08:00:00', '17:00:00', 2, 37),
(647, '2024-04-01', '08:00:00', '17:00:00', 3, 38),
(648, '2024-04-01', '08:00:00', '17:00:00', 4, 39),
(649, '2024-04-01', '08:03:00', '17:00:00', 5, 40),
(650, '2024-04-01', '08:00:00', '17:00:00', 6, 41),
(651, '2024-04-02', '08:17:00', '17:00:00', 1, 36),
(652, '2024-04-02', '08:11:00', '17:00:00', 2, 37),
(653, '2024-04-02', '08:00:00', '17:00:00', 3, 38),
(654, '2024-04-02', '08:00:00', '17:00:00', 4, 39),
(655, '2024-04-02', '08:00:00', '17:00:00', 5, 40),
(656, '2024-04-02', '08:00:00', '17:00:00', 6, 41),
(657, '2024-04-03', '08:00:00', '17:00:00', 1, 36),
(658, '2024-04-03', '08:00:00', '17:00:00', 2, 37),
(659, '2024-04-03', '08:25:00', '17:00:00', 3, 38),
(660, '2024-04-03', '08:24:00', '17:00:00', 4, 39),
(661, '2024-04-03', '08:00:00', '17:00:00', 5, 40),
(662, '2024-04-03', '08:00:00', '17:00:00', 6, 41),
(663, '2024-04-04', '08:00:00', '17:00:00', 1, 36),
(664, '2024-04-04', '08:21:00', '17:00:00', 2, 37),
(665, '2024-04-04', '08:00:00', '17:00:00', 3, 38),
(666, '2024-04-04', '08:00:00', '17:00:00', 4, 39),
(667, '2024-04-04', '08:00:00', '17:00:00', 5, 40),
(668, '2024-04-04', '08:00:00', '17:00:00', 6, 41),
(669, '2024-04-05', '08:00:00', '17:00:00', 1, 36),
(670, '2024-04-05', '08:00:00', '17:00:00', 2, 37),
(671, '2024-04-05', '08:00:00', '17:00:00', 3, 38),
(672, '2024-04-05', '08:00:00', '17:00:00', 4, 39),
(673, '2024-04-05', '08:00:00', '17:00:00', 5, 40),
(674, '2024-04-05', '08:00:00', '17:00:00', 6, 41),
(675, '2024-04-08', '08:07:00', '17:00:00', 1, 36),
(676, '2024-04-08', '08:00:00', '17:00:00', 2, 37),
(677, '2024-04-08', '08:00:00', '17:00:00', 3, 38),
(678, '2024-04-08', '08:16:00', '17:00:00', 4, 39),
(679, '2024-04-08', '08:23:00', '17:00:00', 5, 40),
(680, '2024-04-08', '08:17:00', '17:00:00', 6, 41),
(681, '2024-04-09', '08:00:00', '17:00:00', 1, 36),
(682, '2024-04-09', '08:00:00', '17:00:00', 2, 37),
(683, '2024-04-09', '08:00:00', '17:00:00', 3, 38),
(684, '2024-04-09', '08:00:00', '17:00:00', 4, 39),
(685, '2024-04-09', '08:01:00', '17:00:00', 5, 40),
(686, '2024-04-09', '08:00:00', '17:00:00', 6, 41),
(687, '2024-04-10', '08:00:00', '17:00:00', 1, 36),
(688, '2024-04-10', '08:00:00', '17:00:00', 2, 37),
(689, '2024-04-10', '08:00:00', '17:00:00', 3, 38),
(690, '2024-04-10', '08:29:00', '17:00:00', 4, 39),
(691, '2024-04-10', '08:00:00', '17:00:00', 5, 40),
(692, '2024-04-10', '08:14:00', '17:00:00', 6, 41),
(693, '2024-04-11', '08:00:00', '17:00:00', 1, 36),
(694, '2024-04-11', '08:00:00', '17:00:00', 2, 37),
(695, '2024-04-11', '08:00:00', '17:00:00', 3, 38),
(696, '2024-04-11', '08:00:00', '17:00:00', 4, 39),
(697, '2024-04-11', '08:00:00', '17:00:00', 5, 40),
(698, '2024-04-11', '08:05:00', '17:00:00', 6, 41),
(699, '2024-04-12', '08:19:00', '17:00:00', 1, 36),
(700, '2024-04-12', '08:00:00', '17:00:00', 2, 37),
(701, '2024-04-12', '08:00:00', '17:00:00', 3, 38),
(702, '2024-04-12', '08:08:00', '17:00:00', 4, 39),
(703, '2024-04-12', '08:27:00', '17:00:00', 5, 40),
(704, '2024-04-12', '08:00:00', '17:00:00', 6, 41),
(705, '2024-04-15', '08:20:00', '17:00:00', 1, 36),
(706, '2024-04-15', '08:04:00', '17:00:00', 2, 37),
(707, '2024-04-15', '08:00:00', '17:00:00', 3, 38),
(708, '2024-04-15', '08:00:00', '17:00:00', 4, 39),
(709, '2024-04-15', '08:00:00', '17:00:00', 5, 40),
(710, '2024-04-15', '08:00:00', '17:00:00', 6, 41),
(711, '2024-04-16', '08:22:00', '17:00:00', 1, 36),
(712, '2024-04-16', '08:00:00', '17:00:00', 2, 37),
(713, '2024-04-16', '08:00:00', '17:00:00', 3, 38),
(714, '2024-04-16', '08:00:00', '17:00:00', 4, 39),
(715, '2024-04-16', '08:00:00', '17:00:00', 5, 40),
(716, '2024-04-16', '08:00:00', '17:00:00', 6, 41),
(717, '2024-04-17', '08:00:00', '17:00:00', 1, 36),
(718, '2024-04-17', '08:12:00', '17:00:00', 2, 37),
(719, '2024-04-17', '08:06:00', '17:00:00', 3, 38),
(720, '2024-04-17', '08:00:00', '17:00:00', 4, 39),
(721, '2024-04-17', '08:00:00', '17:00:00', 5, 40),
(722, '2024-04-17', '08:13:00', '17:00:00', 6, 41),
(723, '2024-04-18', '08:00:00', '17:00:00', 1, 36),
(724, '2024-04-18', '08:01:00', '17:00:00', 2, 37),
(725, '2024-04-18', '08:20:00', '17:00:00', 3, 38),
(726, '2024-04-18', '08:00:00', '17:00:00', 4, 39),
(727, '2024-04-18', '08:00:00', '17:00:00', 5, 40),
(728, '2024-04-18', '08:00:00', '17:00:00', 6, 41),
(729, '2024-04-19', '08:10:00', '17:00:00', 1, 36),
(730, '2024-04-19', '08:00:00', '17:00:00', 2, 37),
(731, '2024-04-19', '08:00:00', '17:00:00', 3, 38),
(732, '2024-04-19', '08:00:00', '17:00:00', 4, 39),
(733, '2024-04-19', '08:03:00', '17:00:00', 5, 40),
(734, '2024-04-19', '08:18:00', '17:00:00', 6, 41),
(735, '2024-04-22', '08:29:00', '17:00:00', 1, 36),
(736, '2024-04-22', '08:18:00', '17:00:00', 2, 37),
(737, '2024-04-22', '08:30:00', '17:00:00', 3, 38),
(738, '2024-04-22', '08:09:00', '17:00:00', 4, 39),
(739, '2024-04-22', '08:00:00', '17:00:00', 5, 40),
(740, '2024-04-22', '08:00:00', '17:00:00', 6, 41),
(741, '2024-04-23', '08:11:00', '17:00:00', 1, 36),
(742, '2024-04-23', '08:00:00', '17:00:00', 2, 37),
(743, '2024-04-23', '08:00:00', '17:00:00', 3, 38),
(744, '2024-04-23', '08:14:00', '17:00:00', 4, 39),
(745, '2024-04-23', '08:29:00', '17:00:00', 5, 40),
(746, '2024-04-23', '08:21:00', '17:00:00', 6, 41),
(747, '2024-04-24', '08:00:00', '17:00:00', 1, 36),
(748, '2024-04-24', '08:00:00', '17:00:00', 2, 37),
(749, '2024-04-24', '08:00:00', '17:00:00', 3, 38),
(750, '2024-04-24', '08:00:00', '17:00:00', 4, 39),
(751, '2024-04-24', '08:00:00', '17:00:00', 5, 40),
(752, '2024-04-24', '08:22:00', '17:00:00', 6, 41),
(753, '2024-04-25', '08:24:00', '17:00:00', 1, 36),
(754, '2024-04-25', '08:10:00', '17:00:00', 2, 37),
(755, '2024-04-25', '08:00:00', '17:00:00', 3, 38),
(756, '2024-04-25', '08:00:00', '17:00:00', 4, 39),
(757, '2024-04-25', '08:20:00', '17:00:00', 5, 40),
(758, '2024-04-25', '08:00:00', '17:00:00', 6, 41),
(759, '2024-04-26', '08:00:00', '17:00:00', 1, 36),
(760, '2024-04-26', '08:00:00', '17:00:00', 2, 37),
(761, '2024-04-26', '08:00:00', '17:00:00', 3, 38),
(762, '2024-04-26', '08:00:00', '17:00:00', 4, 39),
(763, '2024-04-26', '08:29:00', '17:00:00', 5, 40),
(764, '2024-04-26', '08:00:00', '17:00:00', 6, 41),
(765, '2024-04-29', '08:00:00', '17:00:00', 1, 36),
(766, '2024-04-29', '08:25:00', '17:00:00', 2, 37),
(767, '2024-04-29', '08:00:00', '17:00:00', 3, 38),
(768, '2024-04-29', '08:00:00', '17:00:00', 4, 39),
(769, '2024-04-29', '08:00:00', '17:00:00', 5, 40),
(770, '2024-04-29', '08:00:00', '17:00:00', 6, 41),
(771, '2024-04-30', '08:03:00', '17:00:00', 1, 36),
(772, '2024-04-30', '08:00:00', '17:00:00', 2, 37),
(773, '2024-04-30', '08:01:00', '17:00:00', 3, 38),
(774, '2024-04-30', '08:00:00', '17:00:00', 4, 39),
(775, '2024-04-30', '08:00:00', '17:00:00', 5, 40),
(776, '2024-04-30', '08:03:00', '17:00:00', 6, 41),
(777, '2024-05-01', '08:00:00', '17:00:00', 1, 42),
(778, '2024-05-01', '08:00:00', '17:00:00', 2, 43),
(779, '2024-05-01', '08:00:00', '17:00:00', 3, 44),
(780, '2024-05-01', '08:27:00', '17:00:00', 4, 45),
(781, '2024-05-01', '08:00:00', '17:00:00', 5, 46),
(782, '2024-05-01', '08:00:00', '17:00:00', 6, 47),
(783, '2024-05-02', '08:21:00', '17:00:00', 1, 42),
(784, '2024-05-02', '08:28:00', '17:00:00', 2, 43),
(785, '2024-05-02', '08:25:00', '17:00:00', 3, 44),
(786, '2024-05-02', '08:21:00', '17:00:00', 4, 45),
(787, '2024-05-02', '08:00:00', '17:00:00', 5, 46),
(788, '2024-05-02', '08:00:00', '17:00:00', 6, 47),
(789, '2024-05-03', '08:13:00', '17:00:00', 1, 42),
(790, '2024-05-03', '08:00:00', '17:00:00', 2, 43),
(791, '2024-05-03', '08:00:00', '17:00:00', 3, 44),
(792, '2024-05-03', '08:08:00', '17:00:00', 4, 45),
(793, '2024-05-03', '08:25:00', '17:00:00', 5, 46),
(794, '2024-05-03', '08:00:00', '17:00:00', 6, 47),
(795, '2024-05-06', '08:00:00', '17:00:00', 1, 42),
(796, '2024-05-06', '08:10:00', '17:00:00', 2, 43),
(797, '2024-05-06', '08:04:00', '17:00:00', 3, 44),
(798, '2024-05-06', '08:00:00', '17:00:00', 4, 45),
(799, '2024-05-06', '08:00:00', '17:00:00', 5, 46),
(800, '2024-05-06', '08:00:00', '17:00:00', 6, 47),
(801, '2024-05-07', '08:01:00', '17:00:00', 1, 42),
(802, '2024-05-07', '08:00:00', '17:00:00', 2, 43),
(803, '2024-05-07', '08:00:00', '17:00:00', 3, 44),
(804, '2024-05-07', '08:00:00', '17:00:00', 4, 45),
(805, '2024-05-07', '08:00:00', '17:00:00', 5, 46),
(806, '2024-05-07', '08:00:00', '17:00:00', 6, 47),
(807, '2024-05-08', '08:00:00', '17:00:00', 1, 42),
(808, '2024-05-08', '08:04:00', '17:00:00', 2, 43),
(809, '2024-05-08', '08:00:00', '17:00:00', 3, 44),
(810, '2024-05-08', '08:14:00', '17:00:00', 4, 45),
(811, '2024-05-08', '08:02:00', '17:00:00', 5, 46),
(812, '2024-05-08', '08:00:00', '17:00:00', 6, 47),
(813, '2024-05-09', '08:00:00', '17:00:00', 1, 42),
(814, '2024-05-09', '08:00:00', '17:00:00', 2, 43),
(815, '2024-05-09', '08:00:00', '17:00:00', 3, 44),
(816, '2024-05-09', '08:00:00', '17:00:00', 4, 45),
(817, '2024-05-09', '08:00:00', '17:00:00', 5, 46),
(818, '2024-05-09', '08:07:00', '17:00:00', 6, 47),
(819, '2024-05-10', '08:00:00', '17:00:00', 1, 42),
(820, '2024-05-10', '08:00:00', '17:00:00', 2, 43),
(821, '2024-05-10', '08:00:00', '17:00:00', 3, 44),
(822, '2024-05-10', '08:00:00', '17:00:00', 4, 45),
(823, '2024-05-10', '08:00:00', '17:00:00', 5, 46),
(824, '2024-05-10', '08:28:00', '17:00:00', 6, 47),
(825, '2024-05-13', '08:00:00', '17:00:00', 1, 42),
(826, '2024-05-13', '08:12:00', '17:00:00', 2, 43),
(827, '2024-05-13', '08:29:00', '17:00:00', 3, 44),
(828, '2024-05-13', '08:19:00', '17:00:00', 4, 45),
(829, '2024-05-13', '08:00:00', '17:00:00', 5, 46),
(830, '2024-05-13', '08:09:00', '17:00:00', 6, 47),
(831, '2024-05-14', '08:00:00', '17:00:00', 1, 42),
(832, '2024-05-14', '08:23:00', '17:00:00', 2, 43),
(833, '2024-05-14', '08:11:00', '17:00:00', 3, 44),
(834, '2024-05-14', '08:15:00', '17:00:00', 4, 45),
(835, '2024-05-14', '08:25:00', '17:00:00', 5, 46),
(836, '2024-05-14', '08:00:00', '17:00:00', 6, 47),
(837, '2024-05-15', '08:00:00', '17:00:00', 1, 42),
(838, '2024-05-15', '08:05:00', '17:00:00', 2, 43),
(839, '2024-05-15', '08:06:00', '17:00:00', 3, 44),
(840, '2024-05-15', '08:00:00', '17:00:00', 4, 45),
(841, '2024-05-15', '08:24:00', '17:00:00', 5, 46),
(842, '2024-05-15', '08:17:00', '17:00:00', 6, 47),
(843, '2024-05-16', '08:00:00', '17:00:00', 1, 42),
(844, '2024-05-16', '08:26:00', '17:00:00', 2, 43),
(845, '2024-05-16', '08:11:00', '17:00:00', 3, 44),
(846, '2024-05-16', '08:10:00', '17:00:00', 4, 45),
(847, '2024-05-16', '08:00:00', '17:00:00', 5, 46),
(848, '2024-05-16', '08:00:00', '17:00:00', 6, 47),
(849, '2024-05-17', '08:00:00', '17:00:00', 1, 42),
(850, '2024-05-17', '08:00:00', '17:00:00', 2, 43),
(851, '2024-05-17', '08:18:00', '17:00:00', 3, 44),
(852, '2024-05-17', '08:00:00', '17:00:00', 4, 45),
(853, '2024-05-17', '08:25:00', '17:00:00', 5, 46),
(854, '2024-05-17', '08:15:00', '17:00:00', 6, 47),
(855, '2024-05-20', '08:10:00', '17:00:00', 1, 42),
(856, '2024-05-20', '08:00:00', '17:00:00', 2, 43),
(857, '2024-05-20', '08:00:00', '17:00:00', 3, 44),
(858, '2024-05-20', '08:20:00', '17:00:00', 4, 45),
(859, '2024-05-20', '08:24:00', '17:00:00', 5, 46),
(860, '2024-05-20', '08:00:00', '17:00:00', 6, 47),
(861, '2024-05-21', '08:03:00', '17:00:00', 1, 42),
(862, '2024-05-21', '08:05:00', '17:00:00', 2, 43),
(863, '2024-05-21', '08:15:00', '17:00:00', 3, 44),
(864, '2024-05-21', '08:03:00', '17:00:00', 4, 45),
(865, '2024-05-21', '08:07:00', '17:00:00', 5, 46),
(866, '2024-05-21', '08:00:00', '17:00:00', 6, 47),
(867, '2024-05-22', '08:05:00', '17:00:00', 1, 42),
(868, '2024-05-22', '08:00:00', '17:00:00', 2, 43),
(869, '2024-05-22', '08:00:00', '17:00:00', 3, 44),
(870, '2024-05-22', '08:27:00', '17:00:00', 4, 45),
(871, '2024-05-22', '08:00:00', '17:00:00', 5, 46),
(872, '2024-05-22', '08:00:00', '17:00:00', 6, 47),
(873, '2024-05-23', '08:00:00', '17:00:00', 1, 42),
(874, '2024-05-23', '08:00:00', '17:00:00', 2, 43),
(875, '2024-05-23', '08:00:00', '17:00:00', 3, 44),
(876, '2024-05-23', '08:00:00', '17:00:00', 4, 45),
(877, '2024-05-23', '08:00:00', '17:00:00', 5, 46),
(878, '2024-05-23', '08:00:00', '17:00:00', 6, 47),
(879, '2024-05-24', '08:00:00', '17:00:00', 1, 42),
(880, '2024-05-24', '08:24:00', '17:00:00', 2, 43),
(881, '2024-05-24', '08:00:00', '17:00:00', 3, 44),
(882, '2024-05-24', '08:00:00', '17:00:00', 4, 45),
(883, '2024-05-24', '08:00:00', '17:00:00', 5, 46),
(884, '2024-05-24', '08:00:00', '17:00:00', 6, 47),
(885, '2024-05-27', '08:00:00', '17:00:00', 1, 42),
(886, '2024-05-27', '08:00:00', '17:00:00', 2, 43),
(887, '2024-05-27', '08:00:00', '17:00:00', 3, 44),
(888, '2024-05-27', '08:00:00', '17:00:00', 4, 45),
(889, '2024-05-27', '08:00:00', '17:00:00', 5, 46),
(890, '2024-05-27', '08:23:00', '17:00:00', 6, 47),
(891, '2024-05-28', '08:12:00', '17:00:00', 1, 42),
(892, '2024-05-28', '08:00:00', '17:00:00', 2, 43),
(893, '2024-05-28', '08:00:00', '17:00:00', 3, 44),
(894, '2024-05-28', '08:00:00', '17:00:00', 4, 45),
(895, '2024-05-28', '08:00:00', '17:00:00', 5, 46),
(896, '2024-05-28', '08:16:00', '17:00:00', 6, 47),
(897, '2024-05-29', '08:00:00', '17:00:00', 1, 42),
(898, '2024-05-29', '08:00:00', '17:00:00', 2, 43),
(899, '2024-05-29', '08:04:00', '17:00:00', 3, 44),
(900, '2024-05-29', '08:00:00', '17:00:00', 4, 45),
(901, '2024-05-29', '08:00:00', '17:00:00', 5, 46),
(902, '2024-05-29', '08:00:00', '17:00:00', 6, 47),
(903, '2024-05-30', '08:07:00', '17:00:00', 1, 42),
(904, '2024-05-30', '08:00:00', '17:00:00', 2, 43),
(905, '2024-05-30', '08:00:00', '17:00:00', 3, 44),
(906, '2024-05-30', '08:03:00', '17:00:00', 4, 45),
(907, '2024-05-30', '08:00:00', '17:00:00', 5, 46),
(908, '2024-05-30', '08:00:00', '17:00:00', 6, 47),
(909, '2024-05-31', '08:00:00', '17:00:00', 1, 42),
(910, '2024-05-31', '08:05:00', '17:00:00', 2, 43),
(911, '2024-05-31', '08:00:00', '17:00:00', 3, 44),
(912, '2024-05-31', '08:00:00', '17:00:00', 4, 45),
(913, '2024-05-31', '08:08:00', '17:00:00', 5, 46),
(914, '2024-05-31', '08:00:00', '17:00:00', 6, 47),
(915, '2024-06-03', '08:00:00', '17:00:00', 1, 48),
(916, '2024-06-03', '08:13:00', '17:00:00', 2, 49),
(917, '2024-06-03', '08:00:00', '17:00:00', 3, 50),
(918, '2024-06-03', '08:00:00', '17:00:00', 4, 51),
(919, '2024-06-03', '08:00:00', '17:00:00', 5, 52),
(920, '2024-06-03', '08:04:00', '17:00:00', 6, 53),
(921, '2024-06-04', '08:00:00', '17:00:00', 1, 48),
(922, '2024-06-04', '08:04:00', '17:00:00', 2, 49),
(923, '2024-06-04', '08:00:00', '17:00:00', 3, 50),
(924, '2024-06-04', '08:00:00', '17:00:00', 4, 51),
(925, '2024-06-04', '08:20:00', '17:00:00', 5, 52),
(926, '2024-06-04', '08:17:00', '17:00:00', 6, 53),
(927, '2024-06-05', '08:00:00', '17:00:00', 1, 48),
(928, '2024-06-05', '08:21:00', '17:00:00', 2, 49),
(929, '2024-06-05', '08:00:00', '17:00:00', 3, 50),
(930, '2024-06-05', '08:15:00', '17:00:00', 4, 51),
(931, '2024-06-05', '08:00:00', '17:00:00', 5, 52),
(932, '2024-06-05', '08:19:00', '17:00:00', 6, 53),
(933, '2024-06-06', '08:00:00', '17:00:00', 1, 48),
(934, '2024-06-06', '08:00:00', '17:00:00', 2, 49),
(935, '2024-06-06', '08:00:00', '17:00:00', 3, 50),
(936, '2024-06-06', '08:00:00', '17:00:00', 4, 51),
(937, '2024-06-06', '08:19:00', '17:00:00', 5, 52),
(938, '2024-06-06', '08:07:00', '17:00:00', 6, 53),
(939, '2024-06-07', '08:00:00', '17:00:00', 1, 48),
(940, '2024-06-07', '08:00:00', '17:00:00', 2, 49),
(941, '2024-06-07', '08:00:00', '17:00:00', 3, 50),
(942, '2024-06-07', '08:11:00', '17:00:00', 4, 51),
(943, '2024-06-07', '08:00:00', '17:00:00', 5, 52),
(944, '2024-06-07', '08:00:00', '17:00:00', 6, 53),
(945, '2024-06-10', '08:00:00', '17:00:00', 1, 48),
(946, '2024-06-10', '08:25:00', '17:00:00', 2, 49),
(947, '2024-06-10', '08:29:00', '17:00:00', 3, 50),
(948, '2024-06-10', '08:01:00', '17:00:00', 4, 51),
(949, '2024-06-10', '08:30:00', '17:00:00', 5, 52),
(950, '2024-06-10', '08:00:00', '17:00:00', 6, 53),
(951, '2024-06-11', '08:00:00', '17:00:00', 1, 48),
(952, '2024-06-11', '08:00:00', '17:00:00', 2, 49),
(953, '2024-06-11', '08:00:00', '17:00:00', 3, 50),
(954, '2024-06-11', '08:00:00', '17:00:00', 4, 51),
(955, '2024-06-11', '08:10:00', '17:00:00', 5, 52),
(956, '2024-06-11', '08:00:00', '17:00:00', 6, 53),
(957, '2024-06-12', '08:00:00', '17:00:00', 1, 48),
(958, '2024-06-12', '08:00:00', '17:00:00', 2, 49),
(959, '2024-06-12', '08:14:00', '17:00:00', 3, 50),
(960, '2024-06-12', '08:00:00', '17:00:00', 4, 51),
(961, '2024-06-12', '08:08:00', '17:00:00', 5, 52),
(962, '2024-06-12', '08:00:00', '17:00:00', 6, 53),
(963, '2024-06-13', '08:00:00', '17:00:00', 1, 48),
(964, '2024-06-13', '08:16:00', '17:00:00', 2, 49),
(965, '2024-06-13', '08:00:00', '17:00:00', 3, 50),
(966, '2024-06-13', '08:00:00', '17:00:00', 4, 51),
(967, '2024-06-13', '08:27:00', '17:00:00', 5, 52),
(968, '2024-06-13', '08:00:00', '17:00:00', 6, 53),
(969, '2024-06-14', '08:00:00', '17:00:00', 1, 48),
(970, '2024-06-14', '08:23:00', '17:00:00', 2, 49),
(971, '2024-06-14', '08:00:00', '17:00:00', 3, 50),
(972, '2024-06-14', '08:17:00', '17:00:00', 4, 51),
(973, '2024-06-14', '08:00:00', '17:00:00', 5, 52),
(974, '2024-06-14', '08:00:00', '17:00:00', 6, 53),
(975, '2024-06-17', '08:00:00', '17:00:00', 1, 48),
(976, '2024-06-17', '08:19:00', '17:00:00', 2, 49),
(977, '2024-06-17', '08:22:00', '17:00:00', 3, 50),
(978, '2024-06-17', '08:00:00', '17:00:00', 4, 51),
(979, '2024-06-17', '08:29:00', '17:00:00', 5, 52),
(980, '2024-06-17', '08:14:00', '17:00:00', 6, 53),
(981, '2024-06-18', '08:24:00', '17:00:00', 1, 48),
(982, '2024-06-18', '08:00:00', '17:00:00', 2, 49),
(983, '2024-06-18', '08:08:00', '17:00:00', 3, 50),
(984, '2024-06-18', '08:18:00', '17:00:00', 4, 51),
(985, '2024-06-18', '08:00:00', '17:00:00', 5, 52),
(986, '2024-06-18', '08:09:00', '17:00:00', 6, 53),
(987, '2024-06-19', '08:01:00', '17:00:00', 1, 48),
(988, '2024-06-19', '08:00:00', '17:00:00', 2, 49),
(989, '2024-06-19', '08:07:00', '17:00:00', 3, 50),
(990, '2024-06-19', '08:00:00', '17:00:00', 4, 51),
(991, '2024-06-19', '08:30:00', '17:00:00', 5, 52),
(992, '2024-06-19', '08:00:00', '17:00:00', 6, 53),
(993, '2024-06-20', '08:16:00', '17:00:00', 1, 48),
(994, '2024-06-20', '08:00:00', '17:00:00', 2, 49),
(995, '2024-06-20', '08:00:00', '17:00:00', 3, 50),
(996, '2024-06-20', '08:03:00', '17:00:00', 4, 51),
(997, '2024-06-20', '08:21:00', '17:00:00', 5, 52),
(998, '2024-06-20', '08:12:00', '17:00:00', 6, 53),
(999, '2024-06-21', '08:06:00', '17:00:00', 1, 48),
(1000, '2024-06-21', '08:00:00', '17:00:00', 2, 49),
(1001, '2024-06-21', '08:00:00', '17:00:00', 3, 50),
(1002, '2024-06-21', '08:00:00', '17:00:00', 4, 51),
(1003, '2024-06-21', '08:00:00', '17:00:00', 5, 52),
(1004, '2024-06-21', '08:08:00', '17:00:00', 6, 53),
(1005, '2024-06-24', '08:10:00', '17:00:00', 1, 48),
(1006, '2024-06-24', '08:00:00', '17:00:00', 2, 49),
(1007, '2024-06-24', '08:00:00', '17:00:00', 3, 50),
(1008, '2024-06-24', '08:17:00', '17:00:00', 4, 51),
(1009, '2024-06-24', '08:00:00', '17:00:00', 5, 52),
(1010, '2024-06-24', '08:18:00', '17:00:00', 6, 53),
(1011, '2024-06-25', '08:00:00', '17:00:00', 1, 48),
(1012, '2024-06-25', '08:00:00', '17:00:00', 2, 49),
(1013, '2024-06-25', '08:06:00', '17:00:00', 3, 50),
(1014, '2024-06-25', '08:03:00', '17:00:00', 4, 51),
(1015, '2024-06-25', '08:13:00', '17:00:00', 5, 52),
(1016, '2024-06-25', '08:00:00', '17:00:00', 6, 53),
(1017, '2024-06-26', '08:15:00', '17:00:00', 1, 48),
(1018, '2024-06-26', '08:00:00', '17:00:00', 2, 49),
(1019, '2024-06-26', '08:00:00', '17:00:00', 3, 50),
(1020, '2024-06-26', '08:00:00', '17:00:00', 4, 51),
(1021, '2024-06-26', '08:00:00', '17:00:00', 5, 52),
(1022, '2024-06-26', '08:00:00', '17:00:00', 6, 53),
(1023, '2024-06-27', '08:06:00', '17:00:00', 1, 48),
(1024, '2024-06-27', '08:00:00', '17:00:00', 2, 49),
(1025, '2024-06-27', '08:10:00', '17:00:00', 3, 50),
(1026, '2024-06-27', '08:09:00', '17:00:00', 4, 51),
(1027, '2024-06-27', '08:15:00', '17:00:00', 5, 52),
(1028, '2024-06-27', '08:00:00', '17:00:00', 6, 53),
(1029, '2024-06-28', '08:05:00', '17:00:00', 1, 48),
(1030, '2024-06-28', '08:00:00', '17:00:00', 2, 49),
(1031, '2024-06-28', '08:00:00', '17:00:00', 3, 50),
(1032, '2024-06-28', '08:00:00', '17:00:00', 4, 51),
(1033, '2024-06-28', '08:15:00', '17:00:00', 5, 52),
(1034, '2024-06-28', '08:00:00', '17:00:00', 6, 53),
(1035, '2024-07-01', '08:00:00', '17:00:00', 1, 54),
(1036, '2024-07-01', '08:09:00', '17:00:00', 2, 55),
(1037, '2024-07-01', '08:01:00', '17:00:00', 3, 56),
(1038, '2024-07-01', '08:00:00', '17:00:00', 4, 57),
(1039, '2024-07-01', '08:00:00', '17:00:00', 5, 58),
(1040, '2024-07-01', '08:00:00', '17:00:00', 6, 59),
(1041, '2024-07-02', '08:12:00', '17:00:00', 1, 54),
(1042, '2024-07-02', '08:00:00', '17:00:00', 2, 55),
(1043, '2024-07-02', '08:00:00', '17:00:00', 3, 56),
(1044, '2024-07-02', '08:00:00', '17:00:00', 4, 57),
(1045, '2024-07-02', '08:00:00', '17:00:00', 5, 58),
(1046, '2024-07-02', '08:00:00', '17:00:00', 6, 59),
(1047, '2024-07-03', '08:11:00', '17:00:00', 1, 54),
(1048, '2024-07-03', '08:00:00', '17:00:00', 2, 55),
(1049, '2024-07-03', '08:14:00', '17:00:00', 3, 56),
(1050, '2024-07-03', '08:00:00', '17:00:00', 4, 57),
(1051, '2024-07-03', '08:00:00', '17:00:00', 5, 58),
(1052, '2024-07-03', '08:00:00', '17:00:00', 6, 59),
(1053, '2024-07-04', '08:00:00', '17:00:00', 1, 54),
(1054, '2024-07-04', '08:00:00', '17:00:00', 2, 55),
(1055, '2024-07-04', '08:00:00', '17:00:00', 3, 56),
(1056, '2024-07-04', '08:14:00', '17:00:00', 4, 57),
(1057, '2024-07-04', '08:00:00', '17:00:00', 5, 58),
(1058, '2024-07-04', '08:10:00', '17:00:00', 6, 59),
(1059, '2024-07-05', '08:00:00', '17:00:00', 1, 54),
(1060, '2024-07-05', '08:06:00', '17:00:00', 2, 55),
(1061, '2024-07-05', '08:23:00', '17:00:00', 3, 56),
(1062, '2024-07-05', '08:00:00', '17:00:00', 4, 57),
(1063, '2024-07-05', '08:00:00', '17:00:00', 5, 58),
(1064, '2024-07-05', '08:00:00', '17:00:00', 6, 59),
(1065, '2024-07-08', '08:00:00', '17:00:00', 1, 54),
(1066, '2024-07-08', '08:00:00', '17:00:00', 2, 55),
(1067, '2024-07-08', '08:24:00', '17:00:00', 3, 56),
(1068, '2024-07-08', '08:05:00', '17:00:00', 4, 57),
(1069, '2024-07-08', '08:00:00', '17:00:00', 5, 58),
(1070, '2024-07-08', '08:02:00', '17:00:00', 6, 59),
(1071, '2024-07-09', '08:00:00', '17:00:00', 1, 54),
(1072, '2024-07-09', '08:00:00', '17:00:00', 2, 55),
(1073, '2024-07-09', '08:00:00', '17:00:00', 3, 56),
(1074, '2024-07-09', '08:07:00', '17:00:00', 4, 57),
(1075, '2024-07-09', '08:00:00', '17:00:00', 5, 58),
(1076, '2024-07-09', '08:27:00', '17:00:00', 6, 59),
(1077, '2024-07-10', '08:00:00', '17:00:00', 1, 54),
(1078, '2024-07-10', '08:09:00', '17:00:00', 2, 55),
(1079, '2024-07-10', '08:00:00', '17:00:00', 3, 56),
(1080, '2024-07-10', '08:00:00', '17:00:00', 4, 57),
(1081, '2024-07-10', '08:00:00', '17:00:00', 5, 58),
(1082, '2024-07-10', '08:00:00', '17:00:00', 6, 59),
(1083, '2024-07-11', '08:00:00', '17:00:00', 1, 54),
(1084, '2024-07-11', '08:00:00', '17:00:00', 2, 55),
(1085, '2024-07-11', '08:00:00', '17:00:00', 3, 56),
(1086, '2024-07-11', '08:01:00', '17:00:00', 4, 57),
(1087, '2024-07-11', '08:00:00', '17:00:00', 5, 58),
(1088, '2024-07-11', '08:29:00', '17:00:00', 6, 59),
(1089, '2024-07-12', '08:00:00', '17:00:00', 1, 54),
(1090, '2024-07-12', '08:00:00', '17:00:00', 2, 55),
(1091, '2024-07-12', '08:03:00', '17:00:00', 3, 56),
(1092, '2024-07-12', '08:00:00', '17:00:00', 4, 57),
(1093, '2024-07-12', '08:27:00', '17:00:00', 5, 58),
(1094, '2024-07-12', '08:00:00', '17:00:00', 6, 59),
(1095, '2024-07-15', '08:00:00', '17:00:00', 1, 54),
(1096, '2024-07-15', '08:20:00', '17:00:00', 2, 55),
(1097, '2024-07-15', '08:15:00', '17:00:00', 3, 56),
(1098, '2024-07-15', '08:28:00', '17:00:00', 4, 57),
(1099, '2024-07-15', '08:00:00', '17:00:00', 5, 58),
(1100, '2024-07-15', '08:00:00', '17:00:00', 6, 59),
(1101, '2024-07-16', '08:16:00', '17:00:00', 1, 54),
(1102, '2024-07-16', '08:00:00', '17:00:00', 2, 55),
(1103, '2024-07-16', '08:00:00', '17:00:00', 3, 56),
(1104, '2024-07-16', '08:00:00', '17:00:00', 4, 57),
(1105, '2024-07-16', '08:00:00', '17:00:00', 5, 58),
(1106, '2024-07-16', '08:00:00', '17:00:00', 6, 59),
(1107, '2024-07-17', '08:23:00', '17:00:00', 1, 54),
(1108, '2024-07-17', '08:28:00', '17:00:00', 2, 55),
(1109, '2024-07-17', '08:00:00', '17:00:00', 3, 56),
(1110, '2024-07-17', '08:00:00', '17:00:00', 4, 57),
(1111, '2024-07-17', '08:05:00', '17:00:00', 5, 58),
(1112, '2024-07-17', '08:23:00', '17:00:00', 6, 59),
(1113, '2024-07-18', '08:00:00', '17:00:00', 1, 54),
(1114, '2024-07-18', '08:00:00', '17:00:00', 2, 55),
(1115, '2024-07-18', '08:20:00', '17:00:00', 3, 56),
(1116, '2024-07-18', '08:00:00', '17:00:00', 4, 57),
(1117, '2024-07-18', '08:23:00', '17:00:00', 5, 58),
(1118, '2024-07-18', '08:00:00', '17:00:00', 6, 59),
(1119, '2024-07-19', '08:00:00', '17:00:00', 1, 54),
(1120, '2024-07-19', '08:26:00', '17:00:00', 2, 55),
(1121, '2024-07-19', '08:00:00', '17:00:00', 3, 56),
(1122, '2024-07-19', '08:25:00', '17:00:00', 4, 57),
(1123, '2024-07-19', '08:12:00', '17:00:00', 5, 58),
(1124, '2024-07-19', '08:00:00', '17:00:00', 6, 59),
(1125, '2024-07-22', '08:11:00', '17:00:00', 1, 54),
(1126, '2024-07-22', '08:00:00', '17:00:00', 2, 55),
(1127, '2024-07-22', '08:17:00', '17:00:00', 3, 56),
(1128, '2024-07-22', '08:00:00', '17:00:00', 4, 57),
(1129, '2024-07-22', '08:00:00', '17:00:00', 5, 58),
(1130, '2024-07-22', '08:16:00', '17:00:00', 6, 59),
(1131, '2024-07-23', '08:26:00', '17:00:00', 1, 54),
(1132, '2024-07-23', '08:21:00', '17:00:00', 2, 55),
(1133, '2024-07-23', '08:00:00', '17:00:00', 3, 56),
(1134, '2024-07-23', '08:00:00', '17:00:00', 4, 57),
(1135, '2024-07-23', '08:00:00', '17:00:00', 5, 58),
(1136, '2024-07-23', '08:00:00', '17:00:00', 6, 59),
(1137, '2024-07-24', '08:00:00', '17:00:00', 1, 54),
(1138, '2024-07-24', '08:00:00', '17:00:00', 2, 55),
(1139, '2024-07-24', '08:00:00', '17:00:00', 3, 56),
(1140, '2024-07-24', '08:20:00', '17:00:00', 4, 57),
(1141, '2024-07-24', '08:00:00', '17:00:00', 5, 58),
(1142, '2024-07-24', '08:00:00', '17:00:00', 6, 59),
(1143, '2024-07-25', '08:00:00', '17:00:00', 1, 54),
(1144, '2024-07-25', '08:25:00', '17:00:00', 2, 55),
(1145, '2024-07-25', '08:00:00', '17:00:00', 3, 56),
(1146, '2024-07-25', '08:00:00', '17:00:00', 4, 57),
(1147, '2024-07-25', '08:00:00', '17:00:00', 5, 58),
(1148, '2024-07-25', '08:26:00', '17:00:00', 6, 59),
(1149, '2024-07-26', '08:19:00', '17:00:00', 1, 54),
(1150, '2024-07-26', '08:00:00', '17:00:00', 2, 55),
(1151, '2024-07-26', '08:03:00', '17:00:00', 3, 56),
(1152, '2024-07-26', '08:09:00', '17:00:00', 4, 57),
(1153, '2024-07-26', '08:00:00', '17:00:00', 5, 58),
(1154, '2024-07-26', '08:30:00', '17:00:00', 6, 59),
(1155, '2024-07-29', '08:00:00', '17:00:00', 1, 54),
(1156, '2024-07-29', '08:14:00', '17:00:00', 2, 55),
(1157, '2024-07-29', '08:00:00', '17:00:00', 3, 56),
(1158, '2024-07-29', '08:00:00', '17:00:00', 4, 57),
(1159, '2024-07-29', '08:00:00', '17:00:00', 5, 58),
(1160, '2024-07-29', '08:25:00', '17:00:00', 6, 59),
(1161, '2024-07-30', '08:00:00', '17:00:00', 1, 54),
(1162, '2024-07-30', '08:00:00', '17:00:00', 2, 55),
(1163, '2024-07-30', '08:00:00', '17:00:00', 3, 56),
(1164, '2024-07-30', '08:00:00', '17:00:00', 4, 57),
(1165, '2024-07-30', '08:00:00', '17:00:00', 5, 58),
(1166, '2024-07-30', '08:00:00', '17:00:00', 6, 59),
(1167, '2024-07-31', '08:28:00', '17:00:00', 1, 54),
(1168, '2024-07-31', '08:00:00', '17:00:00', 2, 55),
(1169, '2024-07-31', '08:24:00', '17:00:00', 3, 56),
(1170, '2024-07-31', '08:00:00', '17:00:00', 4, 57),
(1171, '2024-07-31', '08:13:00', '17:00:00', 5, 58),
(1172, '2024-07-31', '08:03:00', '17:00:00', 6, 59),
(1173, '2024-08-01', '08:00:00', '17:00:00', 1, 60),
(1174, '2024-08-01', '08:20:00', '17:00:00', 2, 61),
(1175, '2024-08-01', '08:00:00', '17:00:00', 3, 62),
(1176, '2024-08-01', '08:00:00', '17:00:00', 4, 63),
(1177, '2024-08-01', '08:03:00', '17:00:00', 5, 64),
(1178, '2024-08-01', '08:00:00', '17:00:00', 6, 65),
(1179, '2024-08-02', '08:00:00', '17:00:00', 1, 60),
(1180, '2024-08-02', '08:01:00', '17:00:00', 2, 61),
(1181, '2024-08-02', '08:00:00', '17:00:00', 3, 62),
(1182, '2024-08-02', '08:00:00', '17:00:00', 4, 63),
(1183, '2024-08-02', '08:20:00', '17:00:00', 5, 64),
(1184, '2024-08-02', '08:16:00', '17:00:00', 6, 65),
(1185, '2024-08-05', '08:07:00', '17:00:00', 1, 60),
(1186, '2024-08-05', '08:00:00', '17:00:00', 2, 61),
(1187, '2024-08-05', '08:19:00', '17:00:00', 3, 62),
(1188, '2024-08-05', '08:07:00', '17:00:00', 4, 63),
(1189, '2024-08-05', '08:00:00', '17:00:00', 5, 64),
(1190, '2024-08-05', '08:00:00', '17:00:00', 6, 65),
(1191, '2024-08-06', '08:00:00', '17:00:00', 1, 60),
(1192, '2024-08-06', '08:00:00', '17:00:00', 2, 61),
(1193, '2024-08-06', '08:00:00', '17:00:00', 3, 62),
(1194, '2024-08-06', '08:00:00', '17:00:00', 4, 63),
(1195, '2024-08-06', '08:00:00', '17:00:00', 5, 64),
(1196, '2024-08-06', '08:00:00', '17:00:00', 6, 65),
(1197, '2024-08-07', '08:00:00', '17:00:00', 1, 60),
(1198, '2024-08-07', '08:00:00', '17:00:00', 2, 61),
(1199, '2024-08-07', '08:00:00', '17:00:00', 3, 62),
(1200, '2024-08-07', '08:00:00', '17:00:00', 4, 63),
(1201, '2024-08-07', '08:00:00', '17:00:00', 5, 64),
(1202, '2024-08-07', '08:00:00', '17:00:00', 6, 65),
(1203, '2024-08-08', '08:00:00', '17:00:00', 1, 60),
(1204, '2024-08-08', '08:28:00', '17:00:00', 2, 61),
(1205, '2024-08-08', '08:00:00', '17:00:00', 3, 62),
(1206, '2024-08-08', '08:28:00', '17:00:00', 4, 63),
(1207, '2024-08-08', '08:00:00', '17:00:00', 5, 64),
(1208, '2024-08-08', '08:00:00', '17:00:00', 6, 65),
(1209, '2024-08-09', '08:22:00', '17:00:00', 1, 60),
(1210, '2024-08-09', '08:00:00', '17:00:00', 2, 61),
(1211, '2024-08-09', '08:00:00', '17:00:00', 3, 62),
(1212, '2024-08-09', '08:00:00', '17:00:00', 4, 63),
(1213, '2024-08-09', '08:00:00', '17:00:00', 5, 64),
(1214, '2024-08-09', '08:00:00', '17:00:00', 6, 65),
(1215, '2024-08-12', '08:00:00', '17:00:00', 1, 60),
(1216, '2024-08-12', '08:00:00', '17:00:00', 2, 61),
(1217, '2024-08-12', '08:00:00', '17:00:00', 3, 62),
(1218, '2024-08-12', '08:00:00', '17:00:00', 4, 63),
(1219, '2024-08-12', '08:00:00', '17:00:00', 5, 64),
(1220, '2024-08-12', '08:00:00', '17:00:00', 6, 65),
(1221, '2024-08-13', '08:00:00', '17:00:00', 1, 60),
(1222, '2024-08-13', '08:00:00', '17:00:00', 2, 61),
(1223, '2024-08-13', '08:16:00', '17:00:00', 3, 62),
(1224, '2024-08-13', '08:20:00', '17:00:00', 4, 63),
(1225, '2024-08-13', '08:00:00', '17:00:00', 5, 64),
(1226, '2024-08-13', '08:00:00', '17:00:00', 6, 65),
(1227, '2024-08-14', '08:00:00', '17:00:00', 1, 60),
(1228, '2024-08-14', '08:00:00', '17:00:00', 2, 61),
(1229, '2024-08-14', '08:00:00', '17:00:00', 3, 62),
(1230, '2024-08-14', '08:00:00', '17:00:00', 4, 63),
(1231, '2024-08-14', '08:27:00', '17:00:00', 5, 64),
(1232, '2024-08-14', '08:10:00', '17:00:00', 6, 65),
(1233, '2024-08-15', '08:11:00', '17:00:00', 1, 60),
(1234, '2024-08-15', '08:00:00', '17:00:00', 2, 61),
(1235, '2024-08-15', '08:00:00', '17:00:00', 3, 62),
(1236, '2024-08-15', '08:00:00', '17:00:00', 4, 63),
(1237, '2024-08-15', '08:10:00', '17:00:00', 5, 64),
(1238, '2024-08-15', '08:07:00', '17:00:00', 6, 65),
(1239, '2024-08-16', '08:09:00', '17:00:00', 1, 60),
(1240, '2024-08-16', '08:13:00', '17:00:00', 2, 61),
(1241, '2024-08-16', '08:27:00', '17:00:00', 3, 62),
(1242, '2024-08-16', '08:00:00', '17:00:00', 4, 63),
(1243, '2024-08-16', '08:00:00', '17:00:00', 5, 64),
(1244, '2024-08-16', '08:00:00', '17:00:00', 6, 65),
(1245, '2024-08-19', '08:00:00', '17:00:00', 1, 60),
(1246, '2024-08-19', '08:03:00', '17:00:00', 2, 61),
(1247, '2024-08-19', '08:00:00', '17:00:00', 3, 62),
(1248, '2024-08-19', '08:00:00', '17:00:00', 4, 63),
(1249, '2024-08-19', '08:00:00', '17:00:00', 5, 64),
(1250, '2024-08-19', '08:00:00', '17:00:00', 6, 65),
(1251, '2024-08-20', '08:00:00', '17:00:00', 1, 60),
(1252, '2024-08-20', '08:00:00', '17:00:00', 2, 61),
(1253, '2024-08-20', '08:00:00', '17:00:00', 3, 62),
(1254, '2024-08-20', '08:00:00', '17:00:00', 4, 63),
(1255, '2024-08-20', '08:12:00', '17:00:00', 5, 64),
(1256, '2024-08-20', '08:18:00', '17:00:00', 6, 65),
(1257, '2024-08-21', '08:00:00', '17:00:00', 1, 60),
(1258, '2024-08-21', '08:00:00', '17:00:00', 2, 61),
(1259, '2024-08-21', '08:00:00', '17:00:00', 3, 62),
(1260, '2024-08-21', '08:00:00', '17:00:00', 4, 63),
(1261, '2024-08-21', '08:01:00', '17:00:00', 5, 64),
(1262, '2024-08-21', '08:04:00', '17:00:00', 6, 65),
(1263, '2024-08-22', '08:00:00', '17:00:00', 1, 60),
(1264, '2024-08-22', '08:00:00', '17:00:00', 2, 61),
(1265, '2024-08-22', '08:06:00', '17:00:00', 3, 62),
(1266, '2024-08-22', '08:00:00', '17:00:00', 4, 63),
(1267, '2024-08-22', '08:03:00', '17:00:00', 5, 64),
(1268, '2024-08-22', '08:00:00', '17:00:00', 6, 65),
(1269, '2024-08-23', '08:00:00', '17:00:00', 1, 60),
(1270, '2024-08-23', '08:25:00', '17:00:00', 2, 61),
(1271, '2024-08-23', '08:17:00', '17:00:00', 3, 62),
(1272, '2024-08-23', '08:00:00', '17:00:00', 4, 63),
(1273, '2024-08-23', '08:00:00', '17:00:00', 5, 64),
(1274, '2024-08-23', '08:17:00', '17:00:00', 6, 65),
(1275, '2024-08-26', '08:01:00', '17:00:00', 1, 60),
(1276, '2024-08-26', '08:00:00', '17:00:00', 2, 61),
(1277, '2024-08-26', '08:00:00', '17:00:00', 3, 62),
(1278, '2024-08-26', '08:03:00', '17:00:00', 4, 63),
(1279, '2024-08-26', '08:00:00', '17:00:00', 5, 64),
(1280, '2024-08-26', '08:13:00', '17:00:00', 6, 65),
(1281, '2024-08-27', '08:06:00', '17:00:00', 1, 60),
(1282, '2024-08-27', '08:27:00', '17:00:00', 2, 61),
(1283, '2024-08-27', '08:18:00', '17:00:00', 3, 62),
(1284, '2024-08-27', '08:00:00', '17:00:00', 4, 63),
(1285, '2024-08-27', '08:00:00', '17:00:00', 5, 64),
(1286, '2024-08-27', '08:00:00', '17:00:00', 6, 65),
(1287, '2024-08-28', '08:04:00', '17:00:00', 1, 60),
(1288, '2024-08-28', '08:00:00', '17:00:00', 2, 61),
(1289, '2024-08-28', '08:06:00', '17:00:00', 3, 62),
(1290, '2024-08-28', '08:06:00', '17:00:00', 4, 63),
(1291, '2024-08-28', '08:00:00', '17:00:00', 5, 64),
(1292, '2024-08-28', '08:00:00', '17:00:00', 6, 65),
(1293, '2024-08-29', '08:16:00', '17:00:00', 1, 60),
(1294, '2024-08-29', '08:04:00', '17:00:00', 2, 61),
(1295, '2024-08-29', '08:15:00', '17:00:00', 3, 62),
(1296, '2024-08-29', '08:00:00', '17:00:00', 4, 63),
(1297, '2024-08-29', '08:30:00', '17:00:00', 5, 64),
(1298, '2024-08-29', '08:00:00', '17:00:00', 6, 65),
(1299, '2024-08-30', '08:21:00', '17:00:00', 1, 60),
(1300, '2024-08-30', '08:00:00', '17:00:00', 2, 61),
(1301, '2024-08-30', '08:22:00', '17:00:00', 3, 62),
(1302, '2024-08-30', '08:09:00', '17:00:00', 4, 63),
(1303, '2024-08-30', '08:10:00', '17:00:00', 5, 64),
(1304, '2024-08-30', '08:08:00', '17:00:00', 6, 65),
(1305, '2024-09-02', '08:00:00', '17:00:00', 1, 66),
(1306, '2024-09-02', '08:02:00', '17:00:00', 2, 67),
(1307, '2024-09-02', '08:17:00', '17:00:00', 3, 68),
(1308, '2024-09-02', '08:00:00', '17:00:00', 4, 69),
(1309, '2024-09-02', '08:00:00', '17:00:00', 5, 70),
(1310, '2024-09-02', '08:00:00', '17:00:00', 6, 71),
(1311, '2024-09-03', '08:01:00', '17:00:00', 1, 66),
(1312, '2024-09-03', '08:00:00', '17:00:00', 2, 67),
(1313, '2024-09-03', '08:27:00', '17:00:00', 3, 68),
(1314, '2024-09-03', '08:00:00', '17:00:00', 4, 69),
(1315, '2024-09-03', '08:19:00', '17:00:00', 5, 70),
(1316, '2024-09-03', '08:00:00', '17:00:00', 6, 71),
(1317, '2024-09-04', '08:08:00', '17:00:00', 1, 66),
(1318, '2024-09-04', '08:27:00', '17:00:00', 2, 67),
(1319, '2024-09-04', '08:04:00', '17:00:00', 3, 68),
(1320, '2024-09-04', '08:00:00', '17:00:00', 4, 69),
(1321, '2024-09-04', '08:00:00', '17:00:00', 5, 70),
(1322, '2024-09-04', '08:29:00', '17:00:00', 6, 71),
(1323, '2024-09-05', '08:02:00', '17:00:00', 1, 66),
(1324, '2024-09-05', '08:00:00', '17:00:00', 2, 67),
(1325, '2024-09-05', '08:00:00', '17:00:00', 3, 68),
(1326, '2024-09-05', '08:00:00', '17:00:00', 4, 69),
(1327, '2024-09-05', '08:08:00', '17:00:00', 5, 70),
(1328, '2024-09-05', '08:06:00', '17:00:00', 6, 71),
(1329, '2024-09-06', '08:00:00', '17:00:00', 1, 66),
(1330, '2024-09-06', '08:00:00', '17:00:00', 2, 67),
(1331, '2024-09-06', '08:00:00', '17:00:00', 3, 68),
(1332, '2024-09-06', '08:04:00', '17:00:00', 4, 69),
(1333, '2024-09-06', '08:19:00', '17:00:00', 5, 70),
(1334, '2024-09-06', '08:00:00', '17:00:00', 6, 71),
(1335, '2024-09-09', '08:04:00', '17:00:00', 1, 66),
(1336, '2024-09-09', '08:26:00', '17:00:00', 2, 67),
(1337, '2024-09-09', '08:00:00', '17:00:00', 3, 68),
(1338, '2024-09-09', '08:22:00', '17:00:00', 4, 69),
(1339, '2024-09-09', '08:00:00', '17:00:00', 5, 70),
(1340, '2024-09-09', '08:30:00', '17:00:00', 6, 71),
(1341, '2024-09-10', '08:00:00', '17:00:00', 1, 66),
(1342, '2024-09-10', '08:00:00', '17:00:00', 2, 67),
(1343, '2024-09-10', '08:13:00', '17:00:00', 3, 68),
(1344, '2024-09-10', '08:00:00', '17:00:00', 4, 69),
(1345, '2024-09-10', '08:13:00', '17:00:00', 5, 70),
(1346, '2024-09-10', '08:00:00', '17:00:00', 6, 71),
(1347, '2024-09-11', '08:08:00', '17:00:00', 1, 66),
(1348, '2024-09-11', '08:22:00', '17:00:00', 2, 67),
(1349, '2024-09-11', '08:00:00', '17:00:00', 3, 68),
(1350, '2024-09-11', '08:00:00', '17:00:00', 4, 69),
(1351, '2024-09-11', '08:00:00', '17:00:00', 5, 70),
(1352, '2024-09-11', '08:00:00', '17:00:00', 6, 71),
(1353, '2024-09-12', '08:13:00', '17:00:00', 1, 66),
(1354, '2024-09-12', '08:00:00', '17:00:00', 2, 67),
(1355, '2024-09-12', '08:00:00', '17:00:00', 3, 68),
(1356, '2024-09-12', '08:21:00', '17:00:00', 4, 69),
(1357, '2024-09-12', '08:00:00', '17:00:00', 5, 70),
(1358, '2024-09-12', '08:02:00', '17:00:00', 6, 71),
(1359, '2024-09-13', '08:00:00', '17:00:00', 1, 66),
(1360, '2024-09-13', '08:08:00', '17:00:00', 2, 67),
(1361, '2024-09-13', '08:00:00', '17:00:00', 3, 68),
(1362, '2024-09-13', '08:00:00', '17:00:00', 4, 69),
(1363, '2024-09-13', '08:28:00', '17:00:00', 5, 70),
(1364, '2024-09-13', '08:00:00', '17:00:00', 6, 71),
(1365, '2024-09-16', '08:00:00', '17:00:00', 1, 66),
(1366, '2024-09-16', '08:00:00', '17:00:00', 2, 67),
(1367, '2024-09-16', '08:00:00', '17:00:00', 3, 68),
(1368, '2024-09-16', '08:05:00', '17:00:00', 4, 69),
(1369, '2024-09-16', '08:00:00', '17:00:00', 5, 70),
(1370, '2024-09-16', '08:23:00', '17:00:00', 6, 71),
(1371, '2024-09-17', '08:00:00', '17:00:00', 1, 66),
(1372, '2024-09-17', '08:00:00', '17:00:00', 2, 67),
(1373, '2024-09-17', '08:17:00', '17:00:00', 3, 68),
(1374, '2024-09-17', '08:00:00', '17:00:00', 4, 69),
(1375, '2024-09-17', '08:00:00', '17:00:00', 5, 70),
(1376, '2024-09-17', '08:00:00', '17:00:00', 6, 71),
(1377, '2024-09-18', '08:00:00', '17:00:00', 1, 66),
(1378, '2024-09-18', '08:00:00', '17:00:00', 2, 67),
(1379, '2024-09-18', '08:03:00', '17:00:00', 3, 68),
(1380, '2024-09-18', '08:00:00', '17:00:00', 4, 69),
(1381, '2024-09-18', '08:00:00', '17:00:00', 5, 70),
(1382, '2024-09-18', '08:00:00', '17:00:00', 6, 71);
INSERT INTO `pointage` (`id`, `date`, `heureEntree`, `heureSortie`, `employe_id`, `paie_id`) VALUES
(1383, '2024-09-19', '08:13:00', '17:00:00', 1, 66),
(1384, '2024-09-19', '08:00:00', '17:00:00', 2, 67),
(1385, '2024-09-19', '08:27:00', '17:00:00', 3, 68),
(1386, '2024-09-19', '08:00:00', '17:00:00', 4, 69),
(1387, '2024-09-19', '08:00:00', '17:00:00', 5, 70),
(1388, '2024-09-19', '08:00:00', '17:00:00', 6, 71),
(1389, '2024-09-20', '08:00:00', '17:00:00', 1, 66),
(1390, '2024-09-20', '08:00:00', '17:00:00', 2, 67),
(1391, '2024-09-20', '08:00:00', '17:00:00', 3, 68),
(1392, '2024-09-20', '08:00:00', '17:00:00', 4, 69),
(1393, '2024-09-20', '08:08:00', '17:00:00', 5, 70),
(1394, '2024-09-20', '08:18:00', '17:00:00', 6, 71),
(1395, '2024-09-23', '08:18:00', '17:00:00', 1, 66),
(1396, '2024-09-23', '08:18:00', '17:00:00', 2, 67),
(1397, '2024-09-23', '08:00:00', '17:00:00', 3, 68),
(1398, '2024-09-23', '08:00:00', '17:00:00', 4, 69),
(1399, '2024-09-23', '08:18:00', '17:00:00', 5, 70),
(1400, '2024-09-23', '08:00:00', '17:00:00', 6, 71),
(1401, '2024-09-24', '08:00:00', '17:00:00', 1, 66),
(1402, '2024-09-24', '08:06:00', '17:00:00', 2, 67),
(1403, '2024-09-24', '08:22:00', '17:00:00', 3, 68),
(1404, '2024-09-24', '08:00:00', '17:00:00', 4, 69),
(1405, '2024-09-24', '08:00:00', '17:00:00', 5, 70),
(1406, '2024-09-24', '08:14:00', '17:00:00', 6, 71),
(1407, '2024-09-25', '08:00:00', '17:00:00', 1, 66),
(1408, '2024-09-25', '08:00:00', '17:00:00', 2, 67),
(1409, '2024-09-25', '08:22:00', '17:00:00', 3, 68),
(1410, '2024-09-25', '08:00:00', '17:00:00', 4, 69),
(1411, '2024-09-25', '08:00:00', '17:00:00', 5, 70),
(1412, '2024-09-25', '08:00:00', '17:00:00', 6, 71),
(1413, '2024-09-26', '08:24:00', '17:00:00', 1, 66),
(1414, '2024-09-26', '08:26:00', '17:00:00', 2, 67),
(1415, '2024-09-26', '08:00:00', '17:00:00', 3, 68),
(1416, '2024-09-26', '08:00:00', '17:00:00', 4, 69),
(1417, '2024-09-26', '08:00:00', '17:00:00', 5, 70),
(1418, '2024-09-26', '08:00:00', '17:00:00', 6, 71),
(1419, '2024-09-27', '08:00:00', '17:00:00', 1, 66),
(1420, '2024-09-27', '08:00:00', '17:00:00', 2, 67),
(1421, '2024-09-27', '08:00:00', '17:00:00', 3, 68),
(1422, '2024-09-27', '08:16:00', '17:00:00', 4, 69),
(1423, '2024-09-27', '08:00:00', '17:00:00', 5, 70),
(1424, '2024-09-27', '08:01:00', '17:00:00', 6, 71),
(1425, '2024-09-30', '08:13:00', '17:00:00', 1, 66),
(1426, '2024-09-30', '08:20:00', '17:00:00', 2, 67),
(1427, '2024-09-30', '08:09:00', '17:00:00', 3, 68),
(1428, '2024-09-30', '08:02:00', '17:00:00', 4, 69),
(1429, '2024-09-30', '08:03:00', '17:00:00', 5, 70),
(1430, '2024-09-30', '08:00:00', '17:00:00', 6, 71),
(1431, '2024-10-01', '08:12:00', '17:00:00', 1, 72),
(1432, '2024-10-01', '08:00:00', '17:00:00', 2, 73),
(1433, '2024-10-01', '08:00:00', '17:00:00', 3, 74),
(1434, '2024-10-01', '08:19:00', '17:00:00', 4, 75),
(1435, '2024-10-01', '08:00:00', '17:00:00', 5, 76),
(1436, '2024-10-01', '08:18:00', '17:00:00', 6, 77),
(1437, '2024-10-02', '08:20:00', '17:00:00', 1, 72),
(1438, '2024-10-02', '08:25:00', '17:00:00', 2, 73),
(1439, '2024-10-02', '08:28:00', '17:00:00', 3, 74),
(1440, '2024-10-02', '08:00:00', '17:00:00', 4, 75),
(1441, '2024-10-02', '08:00:00', '17:00:00', 5, 76),
(1442, '2024-10-02', '08:00:00', '17:00:00', 6, 77),
(1443, '2024-10-03', '08:00:00', '17:00:00', 1, 72),
(1444, '2024-10-03', '08:00:00', '17:00:00', 2, 73),
(1445, '2024-10-03', '08:00:00', '17:00:00', 3, 74),
(1446, '2024-10-03', '08:12:00', '17:00:00', 4, 75),
(1447, '2024-10-03', '08:00:00', '17:00:00', 5, 76),
(1448, '2024-10-03', '08:00:00', '17:00:00', 6, 77),
(1449, '2024-10-04', '08:26:00', '17:00:00', 1, 72),
(1450, '2024-10-04', '08:20:00', '17:00:00', 2, 73),
(1451, '2024-10-04', '08:00:00', '17:00:00', 3, 74),
(1452, '2024-10-04', '08:15:00', '17:00:00', 4, 75),
(1453, '2024-10-04', '08:21:00', '17:00:00', 5, 76),
(1454, '2024-10-04', '08:00:00', '17:00:00', 6, 77),
(1455, '2024-10-07', '08:16:00', '17:00:00', 1, 72),
(1456, '2024-10-07', '08:20:00', '17:00:00', 2, 73),
(1457, '2024-10-07', '08:00:00', '17:00:00', 3, 74),
(1458, '2024-10-07', '08:20:00', '17:00:00', 4, 75),
(1459, '2024-10-07', '08:00:00', '17:00:00', 5, 76),
(1460, '2024-10-07', '08:17:00', '17:00:00', 6, 77),
(1461, '2024-10-08', '08:00:00', '17:00:00', 1, 72),
(1462, '2024-10-08', '08:18:00', '17:00:00', 2, 73),
(1463, '2024-10-08', '08:00:00', '17:00:00', 3, 74),
(1464, '2024-10-08', '08:00:00', '17:00:00', 4, 75),
(1465, '2024-10-08', '08:12:00', '17:00:00', 5, 76),
(1466, '2024-10-08', '08:00:00', '17:00:00', 6, 77),
(1467, '2024-10-09', '08:19:00', '17:00:00', 1, 72),
(1468, '2024-10-09', '08:20:00', '17:00:00', 2, 73),
(1469, '2024-10-09', '08:11:00', '17:00:00', 3, 74),
(1470, '2024-10-09', '08:14:00', '17:00:00', 4, 75),
(1471, '2024-10-09', '08:00:00', '17:00:00', 5, 76),
(1472, '2024-10-09', '08:00:00', '17:00:00', 6, 77),
(1473, '2024-10-10', '08:05:00', '17:00:00', 1, 72),
(1474, '2024-10-10', '08:00:00', '17:00:00', 2, 73),
(1475, '2024-10-10', '08:15:00', '17:00:00', 3, 74),
(1476, '2024-10-10', '08:00:00', '17:00:00', 4, 75),
(1477, '2024-10-10', '08:09:00', '17:00:00', 5, 76),
(1478, '2024-10-10', '08:12:00', '17:00:00', 6, 77),
(1479, '2024-10-11', '08:29:00', '17:00:00', 1, 72),
(1480, '2024-10-11', '08:01:00', '17:00:00', 2, 73),
(1481, '2024-10-11', '08:00:00', '17:00:00', 3, 74),
(1482, '2024-10-11', '08:00:00', '17:00:00', 4, 75),
(1483, '2024-10-11', '08:00:00', '17:00:00', 5, 76),
(1484, '2024-10-11', '08:00:00', '17:00:00', 6, 77),
(1485, '2024-10-14', '08:00:00', '17:00:00', 1, 72),
(1486, '2024-10-14', '08:09:00', '17:00:00', 2, 73),
(1487, '2024-10-14', '08:00:00', '17:00:00', 3, 74),
(1488, '2024-10-14', '08:00:00', '17:00:00', 4, 75),
(1489, '2024-10-14', '08:03:00', '17:00:00', 5, 76),
(1490, '2024-10-14', '08:19:00', '17:00:00', 6, 77),
(1491, '2024-10-15', '08:00:00', '17:00:00', 1, 72),
(1492, '2024-10-15', '08:00:00', '17:00:00', 2, 73),
(1493, '2024-10-15', '08:00:00', '17:00:00', 3, 74),
(1494, '2024-10-15', '08:00:00', '17:00:00', 4, 75),
(1495, '2024-10-15', '08:00:00', '17:00:00', 5, 76),
(1496, '2024-10-15', '08:02:00', '17:00:00', 6, 77),
(1497, '2024-10-16', '08:24:00', '17:00:00', 1, 72),
(1498, '2024-10-16', '08:09:00', '17:00:00', 2, 73),
(1499, '2024-10-16', '08:00:00', '17:00:00', 3, 74),
(1500, '2024-10-16', '08:00:00', '17:00:00', 4, 75),
(1501, '2024-10-16', '08:00:00', '17:00:00', 5, 76),
(1502, '2024-10-16', '08:00:00', '17:00:00', 6, 77),
(1503, '2024-10-17', '08:00:00', '17:00:00', 1, 72),
(1504, '2024-10-17', '08:00:00', '17:00:00', 2, 73),
(1505, '2024-10-17', '08:00:00', '17:00:00', 3, 74),
(1506, '2024-10-17', '08:03:00', '17:00:00', 4, 75),
(1507, '2024-10-17', '08:00:00', '17:00:00', 5, 76),
(1508, '2024-10-17', '08:00:00', '17:00:00', 6, 77),
(1509, '2024-10-18', '08:00:00', '17:00:00', 1, 72),
(1510, '2024-10-18', '08:00:00', '17:00:00', 2, 73),
(1511, '2024-10-18', '08:00:00', '17:00:00', 3, 74),
(1512, '2024-10-18', '08:10:00', '17:00:00', 4, 75),
(1513, '2024-10-18', '08:00:00', '17:00:00', 5, 76),
(1514, '2024-10-18', '08:00:00', '17:00:00', 6, 77),
(1515, '2024-10-21', '08:08:00', '17:00:00', 1, 72),
(1516, '2024-10-21', '08:00:00', '17:00:00', 2, 73),
(1517, '2024-10-21', '08:10:00', '17:00:00', 3, 74),
(1518, '2024-10-21', '08:04:00', '17:00:00', 4, 75),
(1519, '2024-10-21', '08:11:00', '17:00:00', 5, 76),
(1520, '2024-10-21', '08:00:00', '17:00:00', 6, 77),
(1521, '2024-10-22', '08:29:00', '17:00:00', 1, 72),
(1522, '2024-10-22', '08:00:00', '17:00:00', 2, 73),
(1523, '2024-10-22', '08:08:00', '17:00:00', 3, 74),
(1524, '2024-10-22', '08:00:00', '17:00:00', 4, 75),
(1525, '2024-10-22', '08:00:00', '17:00:00', 5, 76),
(1526, '2024-10-22', '08:00:00', '17:00:00', 6, 77),
(1527, '2024-10-23', '08:00:00', '17:00:00', 1, 72),
(1528, '2024-10-23', '08:12:00', '17:00:00', 2, 73),
(1529, '2024-10-23', '08:00:00', '17:00:00', 3, 74),
(1530, '2024-10-23', '08:00:00', '17:00:00', 4, 75),
(1531, '2024-10-23', '08:00:00', '17:00:00', 5, 76),
(1532, '2024-10-23', '08:00:00', '17:00:00', 6, 77),
(1533, '2024-10-24', '08:00:00', '17:00:00', 1, 72),
(1534, '2024-10-24', '08:00:00', '17:00:00', 2, 73),
(1535, '2024-10-24', '08:28:00', '17:00:00', 3, 74),
(1536, '2024-10-24', '08:00:00', '17:00:00', 4, 75),
(1537, '2024-10-24', '08:00:00', '17:00:00', 5, 76),
(1538, '2024-10-24', '08:00:00', '17:00:00', 6, 77),
(1539, '2024-10-25', '08:02:00', '17:00:00', 1, 72),
(1540, '2024-10-25', '08:29:00', '17:00:00', 2, 73),
(1541, '2024-10-25', '08:00:00', '17:00:00', 3, 74),
(1542, '2024-10-25', '08:00:00', '17:00:00', 4, 75),
(1543, '2024-10-25', '08:00:00', '17:00:00', 5, 76),
(1544, '2024-10-25', '08:00:00', '17:00:00', 6, 77),
(1545, '2024-10-28', '08:04:00', '17:00:00', 1, 72),
(1546, '2024-10-28', '08:21:00', '17:00:00', 2, 73),
(1547, '2024-10-28', '08:00:00', '17:00:00', 3, 74),
(1548, '2024-10-28', '08:00:00', '17:00:00', 4, 75),
(1549, '2024-10-28', '08:00:00', '17:00:00', 5, 76),
(1550, '2024-10-28', '08:21:00', '17:00:00', 6, 77),
(1551, '2024-10-29', '08:22:00', '17:00:00', 1, 72),
(1552, '2024-10-29', '08:00:00', '17:00:00', 2, 73),
(1553, '2024-10-29', '08:21:00', '17:00:00', 3, 74),
(1554, '2024-10-29', '08:00:00', '17:00:00', 4, 75),
(1555, '2024-10-29', '08:00:00', '17:00:00', 5, 76),
(1556, '2024-10-29', '08:00:00', '17:00:00', 6, 77),
(1557, '2024-10-30', '08:03:00', '17:00:00', 1, 72),
(1558, '2024-10-30', '08:00:00', '17:00:00', 2, 73),
(1559, '2024-10-30', '08:19:00', '17:00:00', 3, 74),
(1560, '2024-10-30', '08:00:00', '17:00:00', 4, 75),
(1561, '2024-10-30', '08:00:00', '17:00:00', 5, 76),
(1562, '2024-10-30', '08:00:00', '17:00:00', 6, 77),
(1563, '2024-10-31', '08:00:00', '17:00:00', 1, 72),
(1564, '2024-10-31', '08:00:00', '17:00:00', 2, 73),
(1565, '2024-10-31', '08:28:00', '17:00:00', 3, 74),
(1566, '2024-10-31', '08:00:00', '17:00:00', 4, 75),
(1567, '2024-10-31', '08:00:00', '17:00:00', 5, 76),
(1568, '2024-10-31', '08:00:00', '17:00:00', 6, 77),
(1569, '2024-11-01', '08:28:00', '17:00:00', 1, 78),
(1570, '2024-11-01', '08:25:00', '17:00:00', 2, 79),
(1571, '2024-11-01', '08:00:00', '17:00:00', 3, 80),
(1572, '2024-11-01', '08:25:00', '17:00:00', 4, 81),
(1573, '2024-11-01', '08:17:00', '17:00:00', 5, 82),
(1574, '2024-11-01', '08:00:00', '17:00:00', 6, 83),
(1575, '2024-11-04', '08:00:00', '17:00:00', 1, 78),
(1576, '2024-11-04', '08:00:00', '17:00:00', 2, 79),
(1577, '2024-11-04', '08:04:00', '17:00:00', 3, 80),
(1578, '2024-11-04', '08:00:00', '17:00:00', 4, 81),
(1579, '2024-11-04', '08:00:00', '17:00:00', 5, 82),
(1580, '2024-11-04', '08:00:00', '17:00:00', 6, 83),
(1581, '2024-11-05', '08:00:00', '17:00:00', 1, 78),
(1582, '2024-11-05', '08:00:00', '17:00:00', 2, 79),
(1583, '2024-11-05', '08:00:00', '17:00:00', 3, 80),
(1584, '2024-11-05', '08:00:00', '17:00:00', 4, 81),
(1585, '2024-11-05', '08:06:00', '17:00:00', 5, 82),
(1586, '2024-11-05', '08:00:00', '17:00:00', 6, 83),
(1587, '2024-11-06', '08:00:00', '17:00:00', 1, 78),
(1588, '2024-11-06', '08:05:00', '17:00:00', 2, 79),
(1589, '2024-11-06', '08:00:00', '17:00:00', 3, 80),
(1590, '2024-11-06', '08:00:00', '17:00:00', 4, 81),
(1591, '2024-11-06', '08:00:00', '17:00:00', 5, 82),
(1592, '2024-11-06', '08:00:00', '17:00:00', 6, 83),
(1593, '2024-11-07', '08:27:00', '17:00:00', 1, 78),
(1594, '2024-11-07', '08:00:00', '17:00:00', 2, 79),
(1595, '2024-11-07', '08:01:00', '17:00:00', 3, 80),
(1596, '2024-11-07', '08:24:00', '17:00:00', 4, 81),
(1597, '2024-11-07', '08:17:00', '17:00:00', 5, 82),
(1598, '2024-11-07', '08:00:00', '17:00:00', 6, 83),
(1599, '2024-11-08', '08:03:00', '17:00:00', 1, 78),
(1600, '2024-11-08', '08:00:00', '17:00:00', 2, 79),
(1601, '2024-11-08', '08:10:00', '17:00:00', 3, 80),
(1602, '2024-11-08', '08:00:00', '17:00:00', 4, 81),
(1603, '2024-11-08', '08:00:00', '17:00:00', 5, 82),
(1604, '2024-11-08', '08:00:00', '17:00:00', 6, 83),
(1605, '2024-11-11', '08:00:00', '17:00:00', 1, 78),
(1606, '2024-11-11', '08:00:00', '17:00:00', 2, 79),
(1607, '2024-11-11', '08:00:00', '17:00:00', 3, 80),
(1608, '2024-11-11', '08:22:00', '17:00:00', 4, 81),
(1609, '2024-11-11', '08:00:00', '17:00:00', 5, 82),
(1610, '2024-11-11', '08:00:00', '17:00:00', 6, 83),
(1611, '2024-11-12', '08:00:00', '17:00:00', 1, 78),
(1612, '2024-11-12', '08:00:00', '17:00:00', 2, 79),
(1613, '2024-11-12', '08:02:00', '17:00:00', 3, 80),
(1614, '2024-11-12', '08:00:00', '17:00:00', 4, 81),
(1615, '2024-11-12', '08:20:00', '17:00:00', 5, 82),
(1616, '2024-11-12', '08:00:00', '17:00:00', 6, 83),
(1617, '2024-11-13', '08:00:00', '17:00:00', 1, 78),
(1618, '2024-11-13', '08:08:00', '17:00:00', 2, 79),
(1619, '2024-11-13', '08:21:00', '17:00:00', 3, 80),
(1620, '2024-11-13', '08:00:00', '17:00:00', 4, 81),
(1621, '2024-11-13', '08:00:00', '17:00:00', 5, 82),
(1622, '2024-11-13', '08:00:00', '17:00:00', 6, 83),
(1623, '2024-11-14', '08:00:00', '17:00:00', 1, 78),
(1624, '2024-11-14', '08:00:00', '17:00:00', 2, 79),
(1625, '2024-11-14', '08:00:00', '17:00:00', 3, 80),
(1626, '2024-11-14', '08:00:00', '17:00:00', 4, 81),
(1627, '2024-11-14', '08:00:00', '17:00:00', 5, 82),
(1628, '2024-11-14', '08:00:00', '17:00:00', 6, 83),
(1629, '2024-11-15', '08:00:00', '17:00:00', 1, 78),
(1630, '2024-11-15', '08:00:00', '17:00:00', 2, 79),
(1631, '2024-11-15', '08:00:00', '17:00:00', 3, 80),
(1632, '2024-11-15', '08:28:00', '17:00:00', 4, 81),
(1633, '2024-11-15', '08:00:00', '17:00:00', 5, 82),
(1634, '2024-11-15', '08:21:00', '17:00:00', 6, 83),
(1635, '2024-11-18', '08:16:00', '17:00:00', 1, 78),
(1636, '2024-11-18', '08:26:00', '17:00:00', 2, 79),
(1637, '2024-11-18', '08:00:00', '17:00:00', 3, 80),
(1638, '2024-11-18', '08:29:00', '17:00:00', 4, 81),
(1639, '2024-11-18', '08:18:00', '17:00:00', 5, 82),
(1640, '2024-11-18', '08:13:00', '17:00:00', 6, 83),
(1641, '2024-11-19', '08:00:00', '17:00:00', 1, 78),
(1642, '2024-11-19', '08:00:00', '17:00:00', 2, 79),
(1643, '2024-11-19', '08:12:00', '17:00:00', 3, 80),
(1644, '2024-11-19', '08:22:00', '17:00:00', 4, 81),
(1645, '2024-11-19', '08:00:00', '17:00:00', 5, 82),
(1646, '2024-11-19', '08:10:00', '17:00:00', 6, 83),
(1647, '2024-11-20', '08:00:00', '17:00:00', 1, 78),
(1648, '2024-11-20', '08:00:00', '17:00:00', 2, 79),
(1649, '2024-11-20', '08:17:00', '17:00:00', 3, 80),
(1650, '2024-11-20', '08:04:00', '17:00:00', 4, 81),
(1651, '2024-11-20', '08:00:00', '17:00:00', 5, 82),
(1652, '2024-11-20', '08:00:00', '17:00:00', 6, 83),
(1653, '2024-11-21', '08:23:00', '17:00:00', 1, 78),
(1654, '2024-11-21', '08:29:00', '17:00:00', 2, 79),
(1655, '2024-11-21', '08:14:00', '17:00:00', 3, 80),
(1656, '2024-11-21', '08:00:00', '17:00:00', 4, 81),
(1657, '2024-11-21', '08:00:00', '17:00:00', 5, 82),
(1658, '2024-11-21', '08:00:00', '17:00:00', 6, 83),
(1659, '2024-11-22', '08:06:00', '17:00:00', 1, 78),
(1660, '2024-11-22', '08:14:00', '17:00:00', 2, 79),
(1661, '2024-11-22', '08:17:00', '17:00:00', 3, 80),
(1662, '2024-11-22', '08:00:00', '17:00:00', 4, 81),
(1663, '2024-11-22', '08:00:00', '17:00:00', 5, 82),
(1664, '2024-11-22', '08:26:00', '17:00:00', 6, 83),
(1665, '2024-11-25', '08:00:00', '17:00:00', 1, 78),
(1666, '2024-11-25', '08:00:00', '17:00:00', 2, 79),
(1667, '2024-11-25', '08:00:00', '17:00:00', 3, 80),
(1668, '2024-11-25', '08:00:00', '17:00:00', 4, 81),
(1669, '2024-11-25', '08:09:00', '17:00:00', 5, 82),
(1670, '2024-11-25', '08:00:00', '17:00:00', 6, 83),
(1671, '2024-11-26', '08:11:00', '17:00:00', 1, 78),
(1672, '2024-11-26', '08:00:00', '17:00:00', 2, 79),
(1673, '2024-11-26', '08:00:00', '17:00:00', 3, 80),
(1674, '2024-11-26', '08:00:00', '17:00:00', 4, 81),
(1675, '2024-11-26', '08:13:00', '17:00:00', 5, 82),
(1676, '2024-11-26', '08:00:00', '17:00:00', 6, 83),
(1677, '2024-11-27', '08:00:00', '17:00:00', 1, 78),
(1678, '2024-11-27', '08:00:00', '17:00:00', 2, 79),
(1679, '2024-11-27', '08:00:00', '17:00:00', 3, 80),
(1680, '2024-11-27', '08:05:00', '17:00:00', 4, 81),
(1681, '2024-11-27', '08:00:00', '17:00:00', 5, 82),
(1682, '2024-11-27', '08:26:00', '17:00:00', 6, 83),
(1683, '2024-11-28', '08:22:00', '17:00:00', 1, 78),
(1684, '2024-11-28', '08:09:00', '17:00:00', 2, 79),
(1685, '2024-11-28', '08:29:00', '17:00:00', 3, 80),
(1686, '2024-11-28', '08:23:00', '17:00:00', 4, 81),
(1687, '2024-11-28', '08:21:00', '17:00:00', 5, 82),
(1688, '2024-11-28', '08:00:00', '17:00:00', 6, 83),
(1689, '2024-11-29', '08:00:00', '17:00:00', 1, 78),
(1690, '2024-11-29', '08:02:00', '17:00:00', 2, 79),
(1691, '2024-11-29', '08:00:00', '17:00:00', 3, 80),
(1692, '2024-11-29', '08:04:00', '17:00:00', 4, 81),
(1693, '2024-11-29', '08:00:00', '17:00:00', 5, 82),
(1694, '2024-11-29', '08:29:00', '17:00:00', 6, 83),
(1695, '2024-12-02', '08:00:00', '17:00:00', 1, 84),
(1696, '2024-12-02', '08:00:00', '17:00:00', 2, 85),
(1697, '2024-12-02', '08:26:00', '17:00:00', 3, 86),
(1698, '2024-12-02', '08:06:00', '17:00:00', 4, 87),
(1699, '2024-12-02', '08:01:00', '17:00:00', 5, 88),
(1700, '2024-12-02', '08:08:00', '17:00:00', 6, 89),
(1701, '2024-12-03', '08:00:00', '17:00:00', 1, 84),
(1702, '2024-12-03', '08:25:00', '17:00:00', 2, 85),
(1703, '2024-12-03', '08:00:00', '17:00:00', 3, 86),
(1704, '2024-12-03', '08:17:00', '17:00:00', 4, 87),
(1705, '2024-12-03', '08:16:00', '17:00:00', 5, 88),
(1706, '2024-12-03', '08:18:00', '17:00:00', 6, 89),
(1707, '2024-12-04', '08:16:00', '17:00:00', 1, 84),
(1708, '2024-12-04', '08:14:00', '17:00:00', 2, 85),
(1709, '2024-12-04', '08:00:00', '17:00:00', 3, 86),
(1710, '2024-12-04', '08:00:00', '17:00:00', 4, 87),
(1711, '2024-12-04', '08:00:00', '17:00:00', 5, 88),
(1712, '2024-12-04', '08:04:00', '17:00:00', 6, 89),
(1713, '2024-12-05', '08:29:00', '17:00:00', 1, 84),
(1714, '2024-12-05', '08:09:00', '17:00:00', 2, 85),
(1715, '2024-12-05', '08:00:00', '17:00:00', 3, 86),
(1716, '2024-12-05', '08:00:00', '17:00:00', 4, 87),
(1717, '2024-12-05', '08:00:00', '17:00:00', 5, 88),
(1718, '2024-12-05', '08:00:00', '17:00:00', 6, 89),
(1719, '2024-12-06', '08:05:00', '17:00:00', 1, 84),
(1720, '2024-12-06', '08:00:00', '17:00:00', 2, 85),
(1721, '2024-12-06', '08:00:00', '17:00:00', 3, 86),
(1722, '2024-12-06', '08:20:00', '17:00:00', 4, 87),
(1723, '2024-12-06', '08:01:00', '17:00:00', 5, 88),
(1724, '2024-12-06', '08:26:00', '17:00:00', 6, 89),
(1725, '2024-12-09', '08:00:00', '17:00:00', 1, 84),
(1726, '2024-12-09', '08:00:00', '17:00:00', 2, 85),
(1727, '2024-12-09', '08:00:00', '17:00:00', 3, 86),
(1728, '2024-12-09', '08:00:00', '17:00:00', 4, 87),
(1729, '2024-12-09', '08:19:00', '17:00:00', 5, 88),
(1730, '2024-12-09', '08:00:00', '17:00:00', 6, 89),
(1731, '2024-12-10', '08:00:00', '17:00:00', 1, 84),
(1732, '2024-12-10', '08:00:00', '17:00:00', 2, 85),
(1733, '2024-12-10', '08:00:00', '17:00:00', 3, 86),
(1734, '2024-12-10', '08:25:00', '17:00:00', 4, 87),
(1735, '2024-12-10', '08:00:00', '17:00:00', 5, 88),
(1736, '2024-12-10', '08:00:00', '17:00:00', 6, 89),
(1737, '2024-12-11', '08:00:00', '17:00:00', 1, 84),
(1738, '2024-12-11', '08:00:00', '17:00:00', 2, 85),
(1739, '2024-12-11', '08:00:00', '17:00:00', 3, 86),
(1740, '2024-12-11', '08:00:00', '17:00:00', 4, 87),
(1741, '2024-12-11', '08:00:00', '17:00:00', 5, 88),
(1742, '2024-12-11', '08:00:00', '17:00:00', 6, 89),
(1743, '2024-12-12', '08:00:00', '17:00:00', 1, 84),
(1744, '2024-12-12', '08:00:00', '17:00:00', 2, 85),
(1745, '2024-12-12', '08:00:00', '17:00:00', 3, 86),
(1746, '2024-12-12', '08:00:00', '17:00:00', 4, 87),
(1747, '2024-12-12', '08:00:00', '17:00:00', 5, 88),
(1748, '2024-12-12', '08:00:00', '17:00:00', 6, 89),
(1749, '2024-12-13', '08:01:00', '17:00:00', 1, 84),
(1750, '2024-12-13', '08:00:00', '17:00:00', 2, 85),
(1751, '2024-12-13', '08:21:00', '17:00:00', 3, 86),
(1752, '2024-12-13', '08:00:00', '17:00:00', 4, 87),
(1753, '2024-12-13', '08:04:00', '17:00:00', 5, 88),
(1754, '2024-12-13', '08:25:00', '17:00:00', 6, 89),
(1755, '2024-12-16', '08:00:00', '17:00:00', 1, 84),
(1756, '2024-12-16', '08:00:00', '17:00:00', 2, 85),
(1757, '2024-12-16', '08:00:00', '17:00:00', 3, 86),
(1758, '2024-12-16', '08:00:00', '17:00:00', 4, 87),
(1759, '2024-12-16', '08:00:00', '17:00:00', 5, 88),
(1760, '2024-12-16', '08:00:00', '17:00:00', 6, 89),
(1761, '2024-12-17', '08:00:00', '17:00:00', 1, 84),
(1762, '2024-12-17', '08:00:00', '17:00:00', 2, 85),
(1763, '2024-12-17', '08:30:00', '17:00:00', 3, 86),
(1764, '2024-12-17', '08:26:00', '17:00:00', 4, 87),
(1765, '2024-12-17', '08:00:00', '17:00:00', 5, 88),
(1766, '2024-12-17', '08:05:00', '17:00:00', 6, 89),
(1767, '2024-12-18', '08:00:00', '17:00:00', 1, 84),
(1768, '2024-12-18', '08:26:00', '17:00:00', 2, 85),
(1769, '2024-12-18', '08:07:00', '17:00:00', 3, 86),
(1770, '2024-12-18', '08:00:00', '17:00:00', 4, 87),
(1771, '2024-12-18', '08:00:00', '17:00:00', 5, 88),
(1772, '2024-12-18', '08:00:00', '17:00:00', 6, 89),
(1773, '2024-12-19', '08:15:00', '17:00:00', 1, 84),
(1774, '2024-12-19', '08:00:00', '17:00:00', 2, 85),
(1775, '2024-12-19', '08:07:00', '17:00:00', 3, 86),
(1776, '2024-12-19', '08:28:00', '17:00:00', 4, 87),
(1777, '2024-12-19', '08:00:00', '17:00:00', 5, 88),
(1778, '2024-12-19', '08:12:00', '17:00:00', 6, 89),
(1779, '2024-12-20', '08:00:00', '17:00:00', 1, 84),
(1780, '2024-12-20', '08:00:00', '17:00:00', 2, 85),
(1781, '2024-12-20', '08:00:00', '17:00:00', 3, 86),
(1782, '2024-12-20', '08:00:00', '17:00:00', 4, 87),
(1783, '2024-12-20', '08:00:00', '17:00:00', 5, 88),
(1784, '2024-12-20', '08:30:00', '17:00:00', 6, 89),
(1785, '2024-12-23', '08:00:00', '17:00:00', 1, 84),
(1786, '2024-12-23', '08:15:00', '17:00:00', 2, 85),
(1787, '2024-12-23', '08:00:00', '17:00:00', 3, 86),
(1788, '2024-12-23', '08:00:00', '17:00:00', 4, 87),
(1789, '2024-12-23', '08:00:00', '17:00:00', 5, 88),
(1790, '2024-12-23', '08:24:00', '17:00:00', 6, 89),
(1791, '2024-12-24', '08:17:00', '17:00:00', 1, 84),
(1792, '2024-12-24', '08:00:00', '17:00:00', 2, 85),
(1793, '2024-12-24', '08:00:00', '17:00:00', 3, 86),
(1794, '2024-12-24', '08:00:00', '17:00:00', 4, 87),
(1795, '2024-12-24', '08:00:00', '17:00:00', 5, 88),
(1796, '2024-12-24', '08:00:00', '17:00:00', 6, 89),
(1797, '2024-12-25', '08:02:00', '17:00:00', 1, 84),
(1798, '2024-12-25', '08:00:00', '17:00:00', 2, 85),
(1799, '2024-12-25', '08:00:00', '17:00:00', 3, 86),
(1800, '2024-12-25', '08:27:00', '17:00:00', 4, 87),
(1801, '2024-12-25', '08:12:00', '17:00:00', 5, 88),
(1802, '2024-12-25', '08:00:00', '17:00:00', 6, 89),
(1803, '2024-12-26', '08:11:00', '17:00:00', 1, 84),
(1804, '2024-12-26', '08:00:00', '17:00:00', 2, 85),
(1805, '2024-12-26', '08:25:00', '17:00:00', 3, 86),
(1806, '2024-12-26', '08:00:00', '17:00:00', 4, 87),
(1807, '2024-12-26', '08:00:00', '17:00:00', 5, 88),
(1808, '2024-12-26', '08:05:00', '17:00:00', 6, 89),
(1809, '2024-12-27', '08:00:00', '17:00:00', 1, 84),
(1810, '2024-12-27', '08:30:00', '17:00:00', 2, 85),
(1811, '2024-12-27', '08:00:00', '17:00:00', 3, 86),
(1812, '2024-12-27', '08:00:00', '17:00:00', 4, 87),
(1813, '2024-12-27', '08:10:00', '17:00:00', 5, 88),
(1814, '2024-12-27', '08:11:00', '17:00:00', 6, 89),
(1815, '2024-12-30', '08:00:00', '17:00:00', 1, 84),
(1816, '2024-12-30', '08:00:00', '17:00:00', 2, 85),
(1817, '2024-12-30', '08:00:00', '17:00:00', 3, 86),
(1818, '2024-12-30', '08:04:00', '17:00:00', 4, 87),
(1819, '2024-12-30', '08:03:00', '17:00:00', 5, 88),
(1820, '2024-12-30', '08:00:00', '17:00:00', 6, 89),
(1821, '2024-12-31', '08:00:00', '17:00:00', 1, 84),
(1822, '2024-12-31', '08:20:00', '17:00:00', 2, 85),
(1823, '2024-12-31', '08:08:00', '17:00:00', 3, 86),
(1824, '2024-12-31', '08:00:00', '17:00:00', 4, 87),
(1825, '2024-12-31', '08:00:00', '17:00:00', 5, 88),
(1826, '2024-12-31', '08:00:00', '17:00:00', 6, 89),
(1827, '2024-01-01', '08:00:00', '17:00:00', 1, 91),
(1828, '2024-01-01', '08:00:00', '17:00:00', 2, 92),
(1829, '2024-01-01', '08:30:00', '17:00:00', 3, 93),
(1830, '2024-01-01', '08:15:00', '17:00:00', 4, 94),
(1831, '2024-01-01', '08:00:00', '17:00:00', 5, 95),
(1832, '2024-01-01', '08:00:00', '17:00:00', 6, 96),
(1833, '2024-01-02', '08:00:00', '17:00:00', 1, 91),
(1834, '2024-01-02', '08:00:00', '17:00:00', 2, 92),
(1835, '2024-01-02', '08:00:00', '17:00:00', 3, 93),
(1836, '2024-01-02', '08:00:00', '17:00:00', 4, 94),
(1837, '2024-01-02', '08:00:00', '17:00:00', 5, 95),
(1838, '2024-01-02', '08:05:00', '17:00:00', 6, 96),
(1839, '2024-01-03', '08:00:00', '17:00:00', 1, 91),
(1840, '2024-01-03', '08:30:00', '17:00:00', 2, 92),
(1841, '2024-01-03', '08:00:00', '17:00:00', 3, 93),
(1842, '2024-01-03', '08:00:00', '17:00:00', 4, 94),
(1843, '2024-01-03', '08:00:00', '17:00:00', 5, 95),
(1844, '2024-01-03', '08:00:00', '17:00:00', 6, 96),
(1845, '2024-01-04', '08:00:00', '17:00:00', 1, 91),
(1846, '2024-01-04', '08:10:00', '17:00:00', 2, 92),
(1847, '2024-01-04', '08:25:00', '17:00:00', 3, 93),
(1848, '2024-01-04', '08:00:00', '17:00:00', 4, 94),
(1849, '2024-01-04', '08:27:00', '17:00:00', 5, 95),
(1850, '2024-01-04', '08:09:00', '17:00:00', 6, 96),
(1851, '2024-01-05', '08:00:00', '17:00:00', 1, 91),
(1852, '2024-01-05', '08:14:00', '17:00:00', 2, 92),
(1853, '2024-01-05', '08:03:00', '17:00:00', 3, 93),
(1854, '2024-01-05', '08:02:00', '17:00:00', 4, 94),
(1855, '2024-01-05', '08:00:00', '17:00:00', 5, 95),
(1856, '2024-01-05', '08:00:00', '17:00:00', 6, 96),
(1857, '2024-01-08', '08:00:00', '17:00:00', 1, 91),
(1858, '2024-01-08', '08:00:00', '17:00:00', 2, 92),
(1859, '2024-01-08', '08:00:00', '17:00:00', 3, 93),
(1860, '2024-01-08', '08:00:00', '17:00:00', 4, 94),
(1861, '2024-01-08', '08:00:00', '17:00:00', 5, 95),
(1862, '2024-01-08', '08:22:00', '17:00:00', 6, 96),
(1863, '2024-01-09', '08:28:00', '17:00:00', 1, 91),
(1864, '2024-01-09', '08:00:00', '17:00:00', 2, 92),
(1865, '2024-01-09', '08:23:00', '17:00:00', 3, 93),
(1866, '2024-01-09', '08:00:00', '17:00:00', 4, 94),
(1867, '2024-01-09', '08:26:00', '17:00:00', 5, 95),
(1868, '2024-01-09', '08:01:00', '17:00:00', 6, 96),
(1869, '2024-01-10', '08:00:00', '17:00:00', 1, 91),
(1870, '2024-01-10', '08:00:00', '17:00:00', 2, 92),
(1871, '2024-01-10', '08:00:00', '17:00:00', 3, 93),
(1872, '2024-01-10', '08:00:00', '17:00:00', 4, 94),
(1873, '2024-01-10', '08:00:00', '17:00:00', 5, 95),
(1874, '2024-01-10', '08:00:00', '17:00:00', 6, 96),
(1875, '2024-01-11', '08:00:00', '17:00:00', 1, 91),
(1876, '2024-01-11', '08:00:00', '17:00:00', 2, 92),
(1877, '2024-01-11', '08:10:00', '17:00:00', 3, 93),
(1878, '2024-01-11', '08:00:00', '17:00:00', 4, 94),
(1879, '2024-01-11', '08:00:00', '17:00:00', 5, 95),
(1880, '2024-01-11', '08:28:00', '17:00:00', 6, 96),
(1881, '2024-01-12', '08:00:00', '17:00:00', 1, 91),
(1882, '2024-01-12', '08:00:00', '17:00:00', 2, 92),
(1883, '2024-01-12', '08:28:00', '17:00:00', 3, 93),
(1884, '2024-01-12', '08:00:00', '17:00:00', 4, 94),
(1885, '2024-01-12', '08:00:00', '17:00:00', 5, 95),
(1886, '2024-01-12', '08:14:00', '17:00:00', 6, 96),
(1887, '2024-01-15', '08:00:00', '17:00:00', 1, 91),
(1888, '2024-01-15', '08:22:00', '17:00:00', 2, 92),
(1889, '2024-01-15', '08:00:00', '17:00:00', 3, 93),
(1890, '2024-01-15', '08:00:00', '17:00:00', 4, 94),
(1891, '2024-01-15', '08:00:00', '17:00:00', 5, 95),
(1892, '2024-01-15', '08:00:00', '17:00:00', 6, 96),
(1893, '2024-01-16', '08:00:00', '17:00:00', 1, 91),
(1894, '2024-01-16', '08:00:00', '17:00:00', 2, 92),
(1895, '2024-01-16', '08:00:00', '17:00:00', 3, 93),
(1896, '2024-01-16', '08:30:00', '17:00:00', 4, 94),
(1897, '2024-01-16', '08:00:00', '17:00:00', 5, 95),
(1898, '2024-01-16', '08:00:00', '17:00:00', 6, 96),
(1899, '2024-01-17', '08:00:00', '17:00:00', 1, 91),
(1900, '2024-01-17', '08:00:00', '17:00:00', 2, 92),
(1901, '2024-01-17', '08:00:00', '17:00:00', 3, 93),
(1902, '2024-01-17', '08:00:00', '17:00:00', 4, 94),
(1903, '2024-01-17', '08:00:00', '17:00:00', 5, 95),
(1904, '2024-01-17', '08:00:00', '17:00:00', 6, 96),
(1905, '2024-01-18', '08:21:00', '17:00:00', 1, 91),
(1906, '2024-01-18', '08:04:00', '17:00:00', 2, 92),
(1907, '2024-01-18', '08:00:00', '17:00:00', 3, 93),
(1908, '2024-01-18', '08:00:00', '17:00:00', 4, 94),
(1909, '2024-01-18', '08:00:00', '17:00:00', 5, 95),
(1910, '2024-01-18', '08:00:00', '17:00:00', 6, 96),
(1911, '2024-01-19', '08:00:00', '17:00:00', 1, 91),
(1912, '2024-01-19', '08:21:00', '17:00:00', 2, 92),
(1913, '2024-01-19', '08:26:00', '17:00:00', 3, 93),
(1914, '2024-01-19', '08:08:00', '17:00:00', 4, 94),
(1915, '2024-01-19', '08:30:00', '17:00:00', 5, 95),
(1916, '2024-01-19', '08:00:00', '17:00:00', 6, 96),
(1917, '2024-01-22', '08:00:00', '17:00:00', 1, 91),
(1918, '2024-01-22', '08:00:00', '17:00:00', 2, 92),
(1919, '2024-01-22', '08:22:00', '17:00:00', 3, 93),
(1920, '2024-01-22', '08:12:00', '17:00:00', 4, 94),
(1921, '2024-01-22', '08:00:00', '17:00:00', 5, 95),
(1922, '2024-01-22', '08:00:00', '17:00:00', 6, 96),
(1923, '2024-01-23', '08:00:00', '17:00:00', 1, 91),
(1924, '2024-01-23', '08:00:00', '17:00:00', 2, 92),
(1925, '2024-01-23', '08:00:00', '17:00:00', 3, 93),
(1926, '2024-01-23', '08:00:00', '17:00:00', 4, 94),
(1927, '2024-01-23', '08:13:00', '17:00:00', 5, 95),
(1928, '2024-01-23', '08:00:00', '17:00:00', 6, 96),
(1929, '2024-01-24', '08:00:00', '17:00:00', 1, 91),
(1930, '2024-01-24', '08:16:00', '17:00:00', 2, 92),
(1931, '2024-01-24', '08:00:00', '17:00:00', 3, 93),
(1932, '2024-01-24', '08:22:00', '17:00:00', 4, 94),
(1933, '2024-01-24', '08:16:00', '17:00:00', 5, 95),
(1934, '2024-01-24', '08:00:00', '17:00:00', 6, 96),
(1935, '2024-01-25', '08:00:00', '17:00:00', 1, 91),
(1936, '2024-01-25', '08:04:00', '17:00:00', 2, 92),
(1937, '2024-01-25', '08:00:00', '17:00:00', 3, 93),
(1938, '2024-01-25', '08:00:00', '17:00:00', 4, 94),
(1939, '2024-01-25', '08:07:00', '17:00:00', 5, 95),
(1940, '2024-01-25', '08:26:00', '17:00:00', 6, 96),
(1941, '2024-01-26', '08:04:00', '17:00:00', 1, 91),
(1942, '2024-01-26', '08:00:00', '17:00:00', 2, 92),
(1943, '2024-01-26', '08:00:00', '17:00:00', 3, 93),
(1944, '2024-01-26', '08:27:00', '17:00:00', 4, 94),
(1945, '2024-01-26', '08:11:00', '17:00:00', 5, 95),
(1946, '2024-01-26', '08:25:00', '17:00:00', 6, 96),
(1947, '2024-01-29', '08:22:00', '17:00:00', 1, 91),
(1948, '2024-01-29', '08:15:00', '17:00:00', 2, 92),
(1949, '2024-01-29', '08:00:00', '17:00:00', 3, 93),
(1950, '2024-01-29', '08:24:00', '17:00:00', 4, 94),
(1951, '2024-01-29', '08:00:00', '17:00:00', 5, 95),
(1952, '2024-01-29', '08:17:00', '17:00:00', 6, 96),
(1953, '2024-01-30', '08:08:00', '17:00:00', 1, 91),
(1954, '2024-01-30', '08:15:00', '17:00:00', 2, 92),
(1955, '2024-01-30', '08:00:00', '17:00:00', 3, 93),
(1956, '2024-01-30', '08:00:00', '17:00:00', 4, 94),
(1957, '2024-01-30', '08:00:00', '17:00:00', 5, 95),
(1958, '2024-01-30', '08:00:00', '17:00:00', 6, 96),
(1959, '2024-01-31', '08:00:00', '17:00:00', 1, 91),
(1960, '2024-01-31', '08:00:00', '17:00:00', 2, 92),
(1961, '2024-01-31', '08:13:00', '17:00:00', 3, 93),
(1962, '2024-01-31', '08:00:00', '17:00:00', 4, 94),
(1963, '2024-01-31', '08:00:00', '17:00:00', 5, 95),
(1964, '2024-01-31', '08:00:00', '17:00:00', 6, 96);

-- --------------------------------------------------------

--
-- Structure de la table `questionnaire`
--

CREATE TABLE `questionnaire` (
  `id` int(11) NOT NULL,
  `dateCreation` date NOT NULL,
  `objet` varchar(255) DEFAULT NULL,
  `description` varchar(255) DEFAULT NULL,
  `employe_id` int(11) DEFAULT NULL
) ENGINE=InnoDB DEFAULT CHARSET=utf8mb4 COLLATE=utf8mb4_general_ci;

--
-- Déchargement des données de la table `questionnaire`
--

INSERT INTO `questionnaire` (`id`, `dateCreation`, `objet`, `description`, `employe_id`) VALUES
(1, '2025-03-21', 'oybiuygkhyu', 'hjguiuhykbyih', 2),
(2, '2025-03-03', 'okjn', 'oji', 2),
(4, '2025-03-05', 'xdcfvgbnhj', 'fghjkljhjggf', 2),
(5, '2025-03-05', 'xdcfvgbnhj', 'fghjkljhjggf', 2),
(6, '2025-03-05', 'hhjhjhj', 'cghbnl', 3),
(7, '2025-03-05', 'hhjhjhj', 'cghbnl', 2),
(8, '2025-03-05', 'foufou', 'ffffffffff', 2),
(9, '2025-03-05', 'ddddd', 'dddd', 3),
(10, '2025-03-05', 'jjjjj', 'jjjjj', 3),
(11, '2025-03-05', 'kzkdzkdzokdzo', 'odjzdzkdzod', 2),
(12, '2025-03-05', 'kzkdzkdzokdzodz', 'odjzdzkdzoddz', 3);

-- --------------------------------------------------------

--
-- Structure de la table `repquestionnaire`
--

CREATE TABLE `repquestionnaire` (
  `id` int(11) NOT NULL,
  `dateCreation` date NOT NULL,
  `reponse` varchar(255) DEFAULT NULL,
  `questionnaire_id` int(11) DEFAULT NULL,
  `employe_id` int(11) DEFAULT NULL
) ENGINE=InnoDB DEFAULT CHARSET=utf8mb4 COLLATE=utf8mb4_general_ci;

--
-- Déchargement des données de la table `repquestionnaire`
--

INSERT INTO `repquestionnaire` (`id`, `dateCreation`, `reponse`, `questionnaire_id`, `employe_id`) VALUES
(3, '2025-03-01', 'Très satisfait', 1, 2),
(4, '2025-02-08', 'hh', 1, 2),
(5, '2025-02-09', 'kjnb', 1, 2),
(8, '2025-02-28', 'hhhhhhhhhhhhhhhhhhhhhhhhhh', 1, 2),
(9, '2025-02-28', 'frfrf', 1, 2),
(10, '2025-03-05', 'dzdz', 1, 2),
(11, '2025-03-05', 'bien bien', 1, 2),
(12, '2025-03-05', 'ddddd', 1, 2),
(14, '2025-03-05', 'hgj', 1, 2),
(15, '2025-03-05', 'boubou', 1, 2),
(16, '2025-03-05', 'sasasa', 1, 2),
(17, '2025-03-05', 'kkkkkk', 1, 2),
(18, '2025-03-05', 'tytty', 1, 2),
(19, '2025-03-05', 'tytty', 1, 2),
(20, '2025-03-05', 'klkl', 1, 3),
(21, '2025-03-05', 'dazdzadzadzad', 1, 3),
(22, '2025-03-05', 'lol', 1, 3),
(23, '2025-03-05', 'lol', 1, 3),
(24, '2025-03-05', 'lol', 1, 3),
(25, '2025-03-05', 'lol', 1, 3);

--
-- Index pour les tables déchargées
--

--
-- Index pour la table `article`
--
ALTER TABLE `article`
  ADD PRIMARY KEY (`id`),
  ADD KEY `facture_id` (`facture_id`);

--
-- Index pour la table `candidat`
--
ALTER TABLE `candidat`
  ADD PRIMARY KEY (`id`),
  ADD KEY `entreprise_id` (`entreprise_id`);

--
-- Index pour la table `clfr`
--
ALTER TABLE `clfr`
  ADD PRIMARY KEY (`id`),
  ADD UNIQUE KEY `matricule_fiscale` (`matricule_fiscale`),
  ADD KEY `employe_id` (`employe_id`);

--
-- Index pour la table `demande`
--
ALTER TABLE `demande`
  ADD PRIMARY KEY (`id`),
  ADD KEY `employe_id` (`employe_id`);

--
-- Index pour la table `departement`
--
ALTER TABLE `departement`
  ADD PRIMARY KEY (`id`),
  ADD KEY `entreprise_id` (`entreprise_id`);

--
-- Index pour la table `employe`
--
ALTER TABLE `employe`
  ADD PRIMARY KEY (`id`),
  ADD UNIQUE KEY `username` (`username`),
  ADD KEY `departement_id` (`departement_id`);

--
-- Index pour la table `entreprise`
--
ALTER TABLE `entreprise`
  ADD PRIMARY KEY (`id`),
  ADD UNIQUE KEY `matricule_fiscale` (`matricule_fiscale`);

--
-- Index pour la table `facture`
--
ALTER TABLE `facture`
  ADD PRIMARY KEY (`id`),
  ADD UNIQUE KEY `num` (`num`),
  ADD KEY `paiement_id` (`paiement_id`),
  ADD KEY `clfr_id` (`clfr_id`);

--
-- Index pour la table `feedback`
--
ALTER TABLE `feedback`
  ADD PRIMARY KEY (`id`),
  ADD KEY `clfr_id` (`clfr_id`);

--
-- Index pour la table `fiche_employe`
--
ALTER TABLE `fiche_employe`
  ADD PRIMARY KEY (`id`),
  ADD UNIQUE KEY `cin` (`cin`),
  ADD UNIQUE KEY `email` (`email`),
  ADD UNIQUE KEY `employe_id` (`employe_id`);

--
-- Index pour la table `paie`
--
ALTER TABLE `paie`
  ADD PRIMARY KEY (`id`);

--
-- Index pour la table `paiement`
--
ALTER TABLE `paiement`
  ADD PRIMARY KEY (`id`),
  ADD UNIQUE KEY `reference` (`reference`);

--
-- Index pour la table `pointage`
--
ALTER TABLE `pointage`
  ADD PRIMARY KEY (`id`),
  ADD KEY `employe_id` (`employe_id`),
  ADD KEY `paie_id` (`paie_id`);

--
-- Index pour la table `questionnaire`
--
ALTER TABLE `questionnaire`
  ADD PRIMARY KEY (`id`),
  ADD KEY `employe_id` (`employe_id`);

--
-- Index pour la table `repquestionnaire`
--
ALTER TABLE `repquestionnaire`
  ADD PRIMARY KEY (`id`),
  ADD KEY `questionnaire_id` (`questionnaire_id`),
  ADD KEY `employe_id` (`employe_id`);

--
-- AUTO_INCREMENT pour les tables déchargées
--

--
-- AUTO_INCREMENT pour la table `article`
--
ALTER TABLE `article`
  MODIFY `id` int(11) NOT NULL AUTO_INCREMENT, AUTO_INCREMENT=40;

--
-- AUTO_INCREMENT pour la table `candidat`
--
ALTER TABLE `candidat`
  MODIFY `id` int(11) NOT NULL AUTO_INCREMENT, AUTO_INCREMENT=2;

--
-- AUTO_INCREMENT pour la table `clfr`
--
ALTER TABLE `clfr`
  MODIFY `id` int(11) NOT NULL AUTO_INCREMENT, AUTO_INCREMENT=30;

--
-- AUTO_INCREMENT pour la table `demande`
--
ALTER TABLE `demande`
  MODIFY `id` int(11) NOT NULL AUTO_INCREMENT, AUTO_INCREMENT=2;

--
-- AUTO_INCREMENT pour la table `departement`
--
ALTER TABLE `departement`
  MODIFY `id` int(11) NOT NULL AUTO_INCREMENT, AUTO_INCREMENT=11;

--
-- AUTO_INCREMENT pour la table `employe`
--
ALTER TABLE `employe`
  MODIFY `id` int(11) NOT NULL AUTO_INCREMENT, AUTO_INCREMENT=101;

--
-- AUTO_INCREMENT pour la table `entreprise`
--
ALTER TABLE `entreprise`
  MODIFY `id` int(11) NOT NULL AUTO_INCREMENT, AUTO_INCREMENT=7;

--
-- AUTO_INCREMENT pour la table `facture`
--
ALTER TABLE `facture`
  MODIFY `id` int(11) NOT NULL AUTO_INCREMENT, AUTO_INCREMENT=35;

--
-- AUTO_INCREMENT pour la table `feedback`
--
ALTER TABLE `feedback`
  MODIFY `id` int(11) NOT NULL AUTO_INCREMENT, AUTO_INCREMENT=23;

--
-- AUTO_INCREMENT pour la table `fiche_employe`
--
ALTER TABLE `fiche_employe`
  MODIFY `id` int(11) NOT NULL AUTO_INCREMENT, AUTO_INCREMENT=8;

--
-- AUTO_INCREMENT pour la table `paie`
--
ALTER TABLE `paie`
  MODIFY `id` int(11) NOT NULL AUTO_INCREMENT, AUTO_INCREMENT=97;

--
-- AUTO_INCREMENT pour la table `paiement`
--
ALTER TABLE `paiement`
  MODIFY `id` int(11) NOT NULL AUTO_INCREMENT, AUTO_INCREMENT=17;

--
-- AUTO_INCREMENT pour la table `pointage`
--
ALTER TABLE `pointage`
  MODIFY `id` int(11) NOT NULL AUTO_INCREMENT, AUTO_INCREMENT=1965;

--
-- AUTO_INCREMENT pour la table `questionnaire`
--
ALTER TABLE `questionnaire`
  MODIFY `id` int(11) NOT NULL AUTO_INCREMENT, AUTO_INCREMENT=13;

--
-- AUTO_INCREMENT pour la table `repquestionnaire`
--
ALTER TABLE `repquestionnaire`
  MODIFY `id` int(11) NOT NULL AUTO_INCREMENT, AUTO_INCREMENT=26;

--
-- Contraintes pour les tables déchargées
--

--
-- Contraintes pour la table `article`
--
ALTER TABLE `article`
  ADD CONSTRAINT `article_ibfk_1` FOREIGN KEY (`facture_id`) REFERENCES `facture` (`id`) ON DELETE CASCADE;

--
-- Contraintes pour la table `candidat`
--
ALTER TABLE `candidat`
  ADD CONSTRAINT `candidat_ibfk_1` FOREIGN KEY (`entreprise_id`) REFERENCES `entreprise` (`id`) ON DELETE CASCADE;

--
-- Contraintes pour la table `clfr`
--
ALTER TABLE `clfr`
  ADD CONSTRAINT `clfr_ibfk_1` FOREIGN KEY (`employe_id`) REFERENCES `employe` (`id`) ON DELETE CASCADE;

--
-- Contraintes pour la table `demande`
--
ALTER TABLE `demande`
  ADD CONSTRAINT `demande_ibfk_1` FOREIGN KEY (`employe_id`) REFERENCES `employe` (`id`) ON DELETE CASCADE;

--
-- Contraintes pour la table `departement`
--
ALTER TABLE `departement`
  ADD CONSTRAINT `departement_ibfk_1` FOREIGN KEY (`entreprise_id`) REFERENCES `entreprise` (`id`) ON DELETE CASCADE;

--
-- Contraintes pour la table `employe`
--
ALTER TABLE `employe`
  ADD CONSTRAINT `employe_ibfk_1` FOREIGN KEY (`departement_id`) REFERENCES `departement` (`id`) ON DELETE SET NULL;

--
-- Contraintes pour la table `feedback`
--
ALTER TABLE `feedback`
  ADD CONSTRAINT `feedback_ibfk_1` FOREIGN KEY (`clfr_id`) REFERENCES `clfr` (`id`) ON DELETE CASCADE;

--
-- Contraintes pour la table `fiche_employe`
--
ALTER TABLE `fiche_employe`
  ADD CONSTRAINT `fiche_employe_ibfk_1` FOREIGN KEY (`employe_id`) REFERENCES `employe` (`id`) ON DELETE CASCADE;

--
-- Contraintes pour la table `pointage`
--
ALTER TABLE `pointage`
  ADD CONSTRAINT `pointage_ibfk_1` FOREIGN KEY (`employe_id`) REFERENCES `employe` (`id`) ON DELETE CASCADE,
  ADD CONSTRAINT `pointage_ibfk_2` FOREIGN KEY (`paie_id`) REFERENCES `paie` (`id`) ON DELETE CASCADE;

--
-- Contraintes pour la table `questionnaire`
--
ALTER TABLE `questionnaire`
  ADD CONSTRAINT `questionnaire_ibfk_1` FOREIGN KEY (`employe_id`) REFERENCES `employe` (`id`) ON DELETE CASCADE;
COMMIT;

/*!40101 SET CHARACTER_SET_CLIENT=@OLD_CHARACTER_SET_CLIENT */;
/*!40101 SET CHARACTER_SET_RESULTS=@OLD_CHARACTER_SET_RESULTS */;
/*!40101 SET COLLATION_CONNECTION=@OLD_COLLATION_CONNECTION */;
